Código,Descrição,Categoria,Unidade,Cor,Marca,Qtd em Estoque
17353,Bornes Para trilho DIN,Bornes,PC,Sem Cor,Romazi,62
89648,Bornes Para trilho DIN,Bornes,ROLO,Sem Cor,Siemens,7
62106,Bornes Com parafuso,Bornes,UN,Sem Cor,Romazi,63
94954,Bornes Para trilho DIN,Bornes,CJ,Sem Cor,Steck,55
81360,Bornes Com parafuso,Bornes,MT,Sem Cor,Steck,43
73560,Bornes Com parafuso,Bornes,MT,Sem Cor,Siemens,9
54038,Bornes Com mola,Bornes,PC,Sem Cor,Tigre,18
45343,Bornes Com mola,Bornes,UN,Sem Cor,WEG,90
98893,Bornes Com mola,Bornes,ROLO,Sem Cor,Steck,100
78385,Bornes Com parafuso,Bornes,MT,Sem Cor,Schneider,34
79289,Bornes Com mola,Bornes,PC,Sem Cor,Pial Legrand,25
45858,Bornes Com mola,Bornes,PC,Sem Cor,Siemens,58
38206,Bornes Com parafuso,Bornes,ROLO,Sem Cor,Romazi,62
37799,Bornes Com parafuso,Bornes,UN,Sem Cor,Steck,67
52703,Bornes Com parafuso,Bornes,MT,Sem Cor,Steck,31
94960,Bornes Com mola,Bornes,ROLO,Sem Cor,Pial Legrand,10
19338,Bornes Com mola,Bornes,CJ,Sem Cor,Schneider,29
27931,Bornes Com mola,Bornes,PC,Sem Cor,Siemens,98
57245,Bornes Com mola,Bornes,ROLO,Sem Cor,Tigre,66
12817,Bornes Com mola,Bornes,ROLO,Sem Cor,Tigre,33
79150,Bornes Com parafuso,Bornes,PC,Sem Cor,Steck,52
89490,Bornes Com mola,Bornes,UN,Sem Cor,Siemens,90
67970,Bornes Com parafuso,Bornes,ROLO,Sem Cor,Cobrecom,78
21491,Bornes Para trilho DIN,Bornes,ROLO,Sem Cor,Cobrecom,72
84452,Bornes Com mola,Bornes,PC,Sem Cor,Schneider,49
12447,Bornes Com mola,Bornes,CJ,Sem Cor,Cobrecom,53
49606,Bornes Com parafuso,Bornes,MT,Sem Cor,Schneider,18
41061,Bornes Com parafuso,Bornes,ROLO,Sem Cor,Siemens,67
97889,Cabo Elétrico 750V 4mm²,Cabo Elétrico,UN,Verde,Cobrecom,29
10217,Cabo Elétrico 750V 4mm²,Cabo Elétrico,PC,Azul,Cobrecom,61
57327,Cabo Elétrico 750V 6mm²,Cabo Elétrico,MT,Cinza,Cobrecom,15
14471,"Cabo Elétrico 750V 2,5mm²",Cabo Elétrico,PC,Verde,Cobrecom,59
54539,Cabo Elétrico 750V 4mm²,Cabo Elétrico,MT,Cinza,Cobrecom,66
80254,Cabo Elétrico 750V 10mm²,Cabo Elétrico,ROLO,Vermelho,Cobrecom,74
10796,"Cabo Elétrico 750V 1,5mm²",Cabo Elétrico,CJ,Vermelho,Cobrecom,7
81797,"Cabo Elétrico 750V 2,5mm²",Cabo Elétrico,UN,Azul,Cobrecom,100
81946,Cabo Elétrico 750V 4mm²,Cabo Elétrico,PC,Amarelo,Cobrecom,34
11359,Cabo Elétrico 750V 10mm²,Cabo Elétrico,PC,Preto,Cobrecom,37
98422,"Cabo Elétrico 750V 2,5mm²",Cabo Elétrico,PC,Verde,Cobrecom,16
92784,Cabo Elétrico 750V 6mm²,Cabo Elétrico,PC,Sem Cor,Cobrecom,58
80320,"Cabo Elétrico 750V 2,5mm²",Cabo Elétrico,MT,Branco,Cobrecom,17
93951,"Cabo Elétrico 750V 1,5mm²",Cabo Elétrico,UN,Vermelho,Cobrecom,23
39862,"Cabo Elétrico 750V 2,5mm²",Cabo Elétrico,UN,Preto,Cobrecom,70
24625,Cabo Elétrico 750V 6mm²,Cabo Elétrico,MT,Azul,Cobrecom,78
62753,Cabo Elétrico 750V 10mm²,Cabo Elétrico,UN,Amarelo,Cobrecom,18
31621,"Cabo Elétrico 750V 1,5mm²",Cabo Elétrico,ROLO,Amarelo,Cobrecom,96
85001,Cabo Elétrico 750V 4mm²,Cabo Elétrico,UN,Sem Cor,Cobrecom,72
23005,"Cabo Elétrico 750V 1,5mm²",Cabo Elétrico,UN,Azul,Cobrecom,9
70667,Cabo Elétrico 750V 10mm²,Cabo Elétrico,UN,Cinza,Cobrecom,95
65537,"Cabo Elétrico 750V 1,5mm²",Cabo Elétrico,MT,Amarelo,Cobrecom,56
33522,"Cabo Elétrico 750V 1,5mm²",Cabo Elétrico,UN,Azul,Cobrecom,49
40236,"Cabo Elétrico 750V 2,5mm²",Cabo Elétrico,CJ,Cinza,Cobrecom,88
88712,Cabo Elétrico 750V 6mm²,Cabo Elétrico,PC,Verde,Cobrecom,35
57090,Cabo Elétrico 750V 6mm²,Cabo Elétrico,MT,Vermelho,Cobrecom,10
35348,"Cabo Elétrico 750V 2,5mm²",Cabo Elétrico,PC,Cinza,Cobrecom,48
49891,"Cabo Elétrico 750V 2,5mm²",Cabo Elétrico,CJ,Sem Cor,Cobrecom,43
60831,Cabo Elétrico 750V 6mm²,Cabo Elétrico,UN,Vermelho,Cobrecom,38
35995,"Cabo Elétrico 750V 2,5mm²",Cabo Elétrico,MT,Cinza,Cobrecom,6
62033,Cabo Elétrico 750V 4mm²,Cabo Elétrico,CJ,Amarelo,Cobrecom,46
18911,Cabo Elétrico 750V 4mm²,Cabo Elétrico,PC,Branco,Cobrecom,89
31535,Cabo Elétrico 750V 4mm²,Cabo Elétrico,PC,Sem Cor,Cobrecom,6
93722,"Cabo Elétrico 750V 1,5mm²",Cabo Elétrico,ROLO,Verde,Cobrecom,57
18359,Cabo Elétrico 750V 6mm²,Cabo Elétrico,CJ,Vermelho,Cobrecom,100
87087,"Cabo Elétrico 750V 2,5mm²",Cabo Elétrico,CJ,Vermelho,Cobrecom,70
22056,Cabo Elétrico 750V 10mm²,Cabo Elétrico,UN,Preto,Cobrecom,98
25682,Cabo Elétrico 750V 10mm²,Cabo Elétrico,UN,Amarelo,Cobrecom,6
49895,"Cabo Elétrico 750V 2,5mm²",Cabo Elétrico,MT,Preto,Cobrecom,48
71161,Cabo Elétrico 750V 10mm²,Cabo Elétrico,ROLO,Vermelho,Cobrecom,25
14757,Cabo Elétrico 750V 6mm²,Cabo Elétrico,PC,Verde,Cobrecom,68
97408,"Cabo Elétrico 750V 2,5mm²",Cabo Elétrico,CJ,Amarelo,Cobrecom,21
83013,Cabo Elétrico 750V 6mm²,Cabo Elétrico,ROLO,Branco,Cobrecom,68
74594,"Cabo Elétrico 750V 2,5mm²",Cabo Elétrico,CJ,Verde,Cobrecom,40
76780,Cabo Elétrico 750V 6mm²,Cabo Elétrico,ROLO,Cinza,Cobrecom,83
57327,Cabo Elétrico 750V 4mm²,Cabo Elétrico,ROLO,Preto,Cobrecom,89
14741,Cabo Elétrico 750V 6mm²,Cabo Elétrico,UN,Sem Cor,Cobrecom,44
62270,"Cabo Elétrico 750V 2,5mm²",Cabo Elétrico,PC,Cinza,Cobrecom,35
36910,Cabo Elétrico 750V 4mm²,Cabo Elétrico,ROLO,Preto,Cobrecom,21
51899,Cabo Elétrico 750V 10mm²,Cabo Elétrico,CJ,Branco,Cobrecom,46
29731,Cabo Elétrico 750V 10mm²,Cabo Elétrico,ROLO,Sem Cor,Cobrecom,35
48865,Cabo Elétrico 750V 10mm²,Cabo Elétrico,UN,Cinza,Cobrecom,63
85673,Cabo Elétrico 750V 10mm²,Cabo Elétrico,ROLO,Azul,Cobrecom,68
43800,Cabo Elétrico 750V 10mm²,Cabo Elétrico,PC,Sem Cor,Cobrecom,86
62086,Cabo Elétrico 750V 10mm²,Cabo Elétrico,PC,Sem Cor,Cobrecom,23
27097,"Cabo Elétrico 750V 2,5mm²",Cabo Elétrico,PC,Sem Cor,Cobrecom,43
55507,Cabo Elétrico 750V 10mm²,Cabo Elétrico,ROLO,Sem Cor,Cobrecom,26
47950,"Cabo Elétrico 750V 1,5mm²",Cabo Elétrico,PC,Azul,Cobrecom,75
10348,Cabo Elétrico 750V 6mm²,Cabo Elétrico,CJ,Verde,Cobrecom,10
42366,Cabo Elétrico 750V 6mm²,Cabo Elétrico,PC,Sem Cor,Cobrecom,90
23627,Cabo Elétrico 750V 10mm²,Cabo Elétrico,PC,Vermelho,Cobrecom,56
69724,Cabo Elétrico 750V 4mm²,Cabo Elétrico,MT,Branco,Cobrecom,40
67581,"Cabo Elétrico 750V 1,5mm²",Cabo Elétrico,PC,Preto,Cobrecom,25
39753,Cabo Elétrico 750V 6mm²,Cabo Elétrico,CJ,Cinza,Cobrecom,21
64539,"Cabo Elétrico 750V 1,5mm²",Cabo Elétrico,PC,Amarelo,Cobrecom,29
44310,Cabo Elétrico 750V 10mm²,Cabo Elétrico,ROLO,Azul,Cobrecom,43
71845,Cabo Elétrico 750V 4mm²,Cabo Elétrico,UN,Sem Cor,Cobrecom,39
67446,Cabo Elétrico 750V 4mm²,Cabo Elétrico,CJ,Vermelho,Cobrecom,72
24670,Cabo Elétrico 750V 6mm²,Cabo Elétrico,ROLO,Branco,Cobrecom,28
55121,Cabo Elétrico 750V 6mm²,Cabo Elétrico,CJ,Amarelo,Cobrecom,8
12508,Cabo Elétrico 750V 10mm²,Cabo Elétrico,PC,Sem Cor,Cobrecom,15
88859,"Cabo Elétrico 750V 1,5mm²",Cabo Elétrico,PC,Preto,Cobrecom,88
68037,Cabo Elétrico 750V 10mm²,Cabo Elétrico,CJ,Verde,Cobrecom,63
11905,Cabo Elétrico 750V 6mm²,Cabo Elétrico,UN,Sem Cor,Cobrecom,93
56616,"Cabo Elétrico 750V 1,5mm²",Cabo Elétrico,CJ,Preto,Cobrecom,31
25021,Cabo Elétrico 750V 10mm²,Cabo Elétrico,UN,Sem Cor,Cobrecom,65
67971,Cabo Elétrico 750V 6mm²,Cabo Elétrico,PC,Verde,Cobrecom,34
79285,Cabo Elétrico 750V 4mm²,Cabo Elétrico,MT,Amarelo,Cobrecom,88
66962,Cabo Elétrico 750V 6mm²,Cabo Elétrico,ROLO,Cinza,Cobrecom,67
50983,CLP 16E/8S,CLP,UN,Sem Cor,Pial Legrand,36
93573,CLP 16E/8S,CLP,MT,Sem Cor,Steck,59
83090,CLP 8 entradas / 4 saídas,CLP,CJ,Sem Cor,WEG,48
14877,CLP 16E/8S,CLP,ROLO,Sem Cor,Steck,96
76169,CLP 24E/16S,CLP,ROLO,Sem Cor,Steck,50
40065,CLP 24E/16S,CLP,CJ,Sem Cor,WEG,78
30151,CLP 16E/8S,CLP,PC,Sem Cor,Schneider,32
42977,CLP 16E/8S,CLP,ROLO,Sem Cor,Siemens,15
39465,CLP 16E/8S,CLP,CJ,Sem Cor,Steck,84
80221,CLP 16E/8S,CLP,MT,Sem Cor,Cobrecom,50
98880,CLP 24E/16S,CLP,CJ,Sem Cor,WEG,73
50202,CLP 24E/16S,CLP,ROLO,Sem Cor,Tigre,99
27377,CLP 8 entradas / 4 saídas,CLP,CJ,Sem Cor,Tigre,36
38492,CLP 8 entradas / 4 saídas,CLP,MT,Sem Cor,Tigre,59
60052,CLP 24E/16S,CLP,ROLO,Sem Cor,Pial Legrand,50
85904,CLP 16E/8S,CLP,CJ,Sem Cor,Siemens,100
16243,CLP 16E/8S,CLP,MT,Sem Cor,Tigre,15
80291,CLP 24E/16S,CLP,MT,Sem Cor,Cobrecom,75
89634,CLP 16E/8S,CLP,MT,Sem Cor,Cobrecom,65
77994,CLP 16E/8S,CLP,UN,Sem Cor,Schneider,32
29477,CLP 8 entradas / 4 saídas,CLP,PC,Sem Cor,Cobrecom,10
35677,CLP 8 entradas / 4 saídas,CLP,UN,Sem Cor,Schneider,83
63383,CLP 8 entradas / 4 saídas,CLP,ROLO,Sem Cor,Schneider,51
22021,CLP 16E/8S,CLP,UN,Sem Cor,Tigre,38
65416,CLP 16E/8S,CLP,UN,Sem Cor,Cobrecom,69
59949,CLP 16E/8S,CLP,UN,Sem Cor,Cobrecom,97
89250,CLP 8 entradas / 4 saídas,CLP,UN,Sem Cor,Schneider,22
45157,CLP 16E/8S,CLP,UN,Sem Cor,WEG,22
93014,CLP 24E/16S,CLP,PC,Sem Cor,Schneider,22
31531,CLP 8 entradas / 4 saídas,CLP,MT,Sem Cor,WEG,60
67667,CLP 24E/16S,CLP,MT,Sem Cor,Pial Legrand,19
14352,Condulete Com tampa,Condulete,ROLO,Sem Cor,Schneider,14
73649,Condulete Sem tampa,Condulete,MT,Sem Cor,Cobrecom,68
58904,Condulete Sem tampa,Condulete,CJ,Sem Cor,Romazi,46
52530,Condulete PVC,Condulete,CJ,Sem Cor,Steck,68
57796,Condulete PVC,Condulete,MT,Sem Cor,Tigre,69
84846,Condulete Com tampa,Condulete,PC,Sem Cor,Pial Legrand,82
39181,Condulete Alumínio,Condulete,ROLO,Sem Cor,Steck,58
56080,Condulete Com tampa,Condulete,UN,Sem Cor,Romazi,61
26634,Condulete Com tampa,Condulete,ROLO,Sem Cor,Cobrecom,88
38803,Condulete Sem tampa,Condulete,PC,Sem Cor,Romazi,12
48339,Condulete Sem tampa,Condulete,MT,Sem Cor,WEG,83
26801,Condulete Sem tampa,Condulete,UN,Sem Cor,Pial Legrand,60
66851,Condulete PVC,Condulete,UN,Sem Cor,Siemens,64
33151,Condulete PVC,Condulete,CJ,Sem Cor,Siemens,42
64418,Condulete Alumínio,Condulete,UN,Sem Cor,Siemens,78
91005,Condulete Com tampa,Condulete,MT,Sem Cor,Schneider,74
37130,Condulete Alumínio,Condulete,UN,Sem Cor,Cobrecom,69
71620,Condulete PVC,Condulete,ROLO,Sem Cor,Schneider,98
17022,Condulete Com tampa,Condulete,UN,Sem Cor,Siemens,35
95644,Condulete PVC,Condulete,UN,Sem Cor,Schneider,69
72860,Condulete Sem tampa,Condulete,PC,Sem Cor,WEG,34
82902,Condulete Com tampa,Condulete,CJ,Sem Cor,Romazi,9
58129,Condulete Com tampa,Condulete,MT,Sem Cor,Romazi,44
12381,Condulete Alumínio,Condulete,MT,Sem Cor,Cobrecom,28
97326,Condulete PVC,Condulete,PC,Sem Cor,Schneider,80
71060,Condulete Com tampa,Condulete,CJ,Sem Cor,Cobrecom,44
59070,Condulete Alumínio,Condulete,ROLO,Sem Cor,WEG,13
44935,Condulete Sem tampa,Condulete,CJ,Sem Cor,WEG,93
90546,Condulete Com tampa,Condulete,MT,Sem Cor,WEG,94
74059,Condulete Sem tampa,Condulete,UN,Sem Cor,Cobrecom,68
18760,Condulete Alumínio,Condulete,UN,Sem Cor,Cobrecom,17
17553,Condulete Com tampa,Condulete,UN,Sem Cor,WEG,35
54597,Condulete PVC,Condulete,UN,Sem Cor,WEG,29
23672,Condulete Sem tampa,Condulete,MT,Sem Cor,WEG,61
58624,Condulete PVC,Condulete,ROLO,Sem Cor,Schneider,21
33885,Condulete Com tampa,Condulete,ROLO,Sem Cor,Steck,8
39189,Condulete Com tampa,Condulete,ROLO,Sem Cor,Cobrecom,48
33544,Condulete Com tampa,Condulete,ROLO,Sem Cor,WEG,25
59546,Condulete Alumínio,Condulete,UN,Sem Cor,Siemens,53
90293,Condulete Alumínio,Condulete,MT,Sem Cor,Tigre,48
21921,Condulete Alumínio,Condulete,UN,Sem Cor,Romazi,29
27157,Condulete PVC,Condulete,PC,Sem Cor,Steck,49
66311,Condulete Alumínio,Condulete,ROLO,Sem Cor,Romazi,7
42532,Condulete Com tampa,Condulete,UN,Sem Cor,Romazi,33
15105,Condulete Com tampa,Condulete,MT,Sem Cor,Schneider,41
54291,Condulete Sem tampa,Condulete,ROLO,Sem Cor,Tigre,91
25418,Condulete PVC,Condulete,MT,Sem Cor,Romazi,70
50468,Condulete Alumínio,Condulete,CJ,Sem Cor,Schneider,71
67429,Condulete Com tampa,Condulete,MT,Sem Cor,WEG,13
93913,Condulete PVC,Condulete,UN,Sem Cor,WEG,57
64028,Condulete Alumínio,Condulete,MT,Sem Cor,Schneider,18
32809,Condulete Com tampa,Condulete,UN,Sem Cor,Romazi,6
93455,Condulete Com tampa,Condulete,CJ,Sem Cor,Siemens,78
54539,Condulete Sem tampa,Condulete,UN,Sem Cor,Romazi,99
12338,Condulete Sem tampa,Condulete,PC,Sem Cor,Cobrecom,38
51569,Condulete PVC,Condulete,UN,Sem Cor,Siemens,8
53191,Condulete Com tampa,Condulete,PC,Sem Cor,Pial Legrand,93
54553,Condulete Sem tampa,Condulete,MT,Sem Cor,Tigre,49
56258,Condulete Sem tampa,Condulete,MT,Sem Cor,Cobrecom,31
12128,Condulete PVC,Condulete,CJ,Sem Cor,Tigre,35
94628,Condulete Sem tampa,Condulete,MT,Sem Cor,Romazi,11
41520,Condulete Sem tampa,Condulete,CJ,Sem Cor,Schneider,93
63790,Condulete Com tampa,Condulete,MT,Sem Cor,Romazi,37
37074,Condulete PVC,Condulete,MT,Sem Cor,Siemens,18
50440,Condulete Sem tampa,Condulete,UN,Sem Cor,WEG,62
80812,Condulete Sem tampa,Condulete,PC,Sem Cor,Siemens,53
90548,Condulete Com tampa,Condulete,CJ,Sem Cor,Siemens,9
19461,Condulete Com tampa,Condulete,UN,Sem Cor,Cobrecom,36
14147,Condulete Sem tampa,Condulete,CJ,Sem Cor,Romazi,69
41414,Condulete Com tampa,Condulete,CJ,Sem Cor,Steck,74
96440,Condulete PVC,Condulete,CJ,Sem Cor,Pial Legrand,53
30308,Condulete Com tampa,Condulete,CJ,Sem Cor,Schneider,85
72441,Condulete Com tampa,Condulete,PC,Sem Cor,Steck,55
44931,Condulete Com tampa,Condulete,MT,Sem Cor,Romazi,60
96250,Condulete Sem tampa,Condulete,PC,Sem Cor,Siemens,76
18108,Condulete PVC,Condulete,CJ,Sem Cor,Cobrecom,96
87420,Condulete PVC,Condulete,ROLO,Sem Cor,Schneider,22
25875,Condulete Com tampa,Condulete,CJ,Sem Cor,Pial Legrand,72
71146,Condulete Sem tampa,Condulete,PC,Sem Cor,WEG,22
66324,Contator 18A 380V,Contator,CJ,Sem Cor,Cobrecom,58
56923,Contator 9A 220V,Contator,PC,Sem Cor,Schneider,50
51906,Contator 9A 220V,Contator,ROLO,Sem Cor,Cobrecom,45
87292,Contator 9A 220V,Contator,UN,Sem Cor,Cobrecom,41
32204,Contator 32A 220V,Contator,UN,Sem Cor,Siemens,42
59904,Contator 9A 220V,Contator,ROLO,Sem Cor,WEG,9
32672,Contator 32A 220V,Contator,CJ,Sem Cor,Romazi,60
51182,Contator 18A 380V,Contator,CJ,Sem Cor,Siemens,9
47181,Contator 9A 220V,Contator,CJ,Sem Cor,Steck,97
44936,Contator 32A 220V,Contator,PC,Sem Cor,Tigre,22
53798,Contator 18A 380V,Contator,MT,Sem Cor,Cobrecom,44
99690,Contator 32A 220V,Contator,MT,Sem Cor,Schneider,69
39851,Contator 18A 380V,Contator,MT,Sem Cor,Siemens,82
46595,Contator 32A 220V,Contator,ROLO,Sem Cor,Cobrecom,87
77039,Contator 9A 220V,Contator,PC,Sem Cor,Pial Legrand,14
43802,Contator 18A 380V,Contator,ROLO,Sem Cor,Cobrecom,42
31634,Contator 32A 220V,Contator,UN,Sem Cor,Romazi,65
94447,Contator 18A 380V,Contator,ROLO,Sem Cor,Steck,86
47189,Contator 18A 380V,Contator,PC,Sem Cor,Tigre,73
49206,Contator 32A 220V,Contator,PC,Sem Cor,Siemens,40
25423,Contator 9A 220V,Contator,MT,Sem Cor,Siemens,16
38712,Contator 32A 220V,Contator,ROLO,Sem Cor,Steck,65
85531,Contator 9A 220V,Contator,PC,Sem Cor,Cobrecom,65
89892,Contator 18A 380V,Contator,UN,Sem Cor,Pial Legrand,78
46958,Contator 18A 380V,Contator,UN,Sem Cor,Romazi,66
90902,Contator 9A 220V,Contator,ROLO,Sem Cor,Cobrecom,55
36815,Contator 32A 220V,Contator,CJ,Sem Cor,Pial Legrand,75
18705,Contator 18A 380V,Contator,ROLO,Sem Cor,Tigre,37
17049,Contator 32A 220V,Contator,UN,Sem Cor,Tigre,7
11359,Contator 32A 220V,Contator,PC,Sem Cor,Schneider,50
76999,"Curva PVC 1.1/2""",Curva PVC,ROLO,Sem Cor,Pial Legrand,75
62473,"Curva PVC 3/4""",Curva PVC,UN,Sem Cor,Steck,20
60836,"Curva PVC 1.1/2""",Curva PVC,PC,Sem Cor,Romazi,45
19797,"Curva PVC 3/4""",Curva PVC,MT,Sem Cor,Cobrecom,80
32655,"Curva PVC 1.1/2""",Curva PVC,PC,Sem Cor,Cobrecom,41
76451,"Curva PVC 1.1/2""",Curva PVC,UN,Sem Cor,Pial Legrand,5
10301,"Curva PVC 1.1/2""",Curva PVC,CJ,Sem Cor,Steck,59
50339,"Curva PVC 1""",Curva PVC,UN,Sem Cor,Pial Legrand,88
78595,"Curva PVC 3/4""",Curva PVC,ROLO,Sem Cor,Tigre,30
69887,"Curva PVC 3/4""",Curva PVC,CJ,Sem Cor,Pial Legrand,61
65242,"Curva PVC 1""",Curva PVC,UN,Sem Cor,Steck,61
80716,"Curva PVC 1""",Curva PVC,CJ,Sem Cor,Cobrecom,46
96108,"Curva PVC 1.1/2""",Curva PVC,PC,Sem Cor,Siemens,50
32266,"Curva PVC 1.1/2""",Curva PVC,MT,Sem Cor,Pial Legrand,15
22878,"Curva PVC 3/4""",Curva PVC,UN,Sem Cor,Cobrecom,83
88287,"Curva PVC 1""",Curva PVC,CJ,Sem Cor,Tigre,70
25400,"Curva PVC 1.1/2""",Curva PVC,ROLO,Sem Cor,Tigre,5
40251,"Curva PVC 1.1/2""",Curva PVC,UN,Sem Cor,Tigre,61
56791,"Curva PVC 1""",Curva PVC,CJ,Sem Cor,Tigre,45
85623,"Curva PVC 3/4""",Curva PVC,MT,Sem Cor,Cobrecom,23
85820,"Curva PVC 1""",Curva PVC,ROLO,Sem Cor,Siemens,33
20887,"Curva PVC 1""",Curva PVC,MT,Sem Cor,Steck,100
41781,"Curva PVC 3/4""",Curva PVC,UN,Sem Cor,Tigre,37
18146,"Curva PVC 1.1/2""",Curva PVC,UN,Sem Cor,Schneider,80
58433,"Curva PVC 3/4""",Curva PVC,MT,Sem Cor,Tigre,16
66405,"Curva PVC 3/4""",Curva PVC,ROLO,Sem Cor,Steck,97
55389,"Curva PVC 3/4""",Curva PVC,MT,Sem Cor,Schneider,56
25166,"Curva PVC 1.1/2""",Curva PVC,ROLO,Sem Cor,Steck,62
82095,"Curva PVC 1""",Curva PVC,CJ,Sem Cor,Schneider,11
77041,"Curva PVC 3/4""",Curva PVC,UN,Sem Cor,WEG,47
10074,"Curva PVC 1.1/2""",Curva PVC,CJ,Sem Cor,Siemens,45
45169,"Curva PVC 1""",Curva PVC,MT,Sem Cor,Siemens,31
69498,"Curva PVC 3/4""",Curva PVC,MT,Sem Cor,Siemens,11
81866,"Curva PVC 3/4""",Curva PVC,UN,Sem Cor,Tigre,21
49291,"Curva PVC 3/4""",Curva PVC,MT,Sem Cor,Steck,24
16798,"Curva PVC 3/4""",Curva PVC,CJ,Sem Cor,Pial Legrand,35
72707,"Curva PVC 3/4""",Curva PVC,MT,Sem Cor,Tigre,84
13331,"Curva PVC 3/4""",Curva PVC,UN,Sem Cor,Steck,53
48718,"Curva PVC 3/4""",Curva PVC,PC,Sem Cor,Cobrecom,71
42808,"Curva PVC 1""",Curva PVC,CJ,Sem Cor,Pial Legrand,30
20414,"Curva PVC 3/4""",Curva PVC,CJ,Sem Cor,Schneider,62
31277,"Curva PVC 1.1/2""",Curva PVC,CJ,Sem Cor,Steck,93
37869,"Curva PVC 3/4""",Curva PVC,ROLO,Sem Cor,Siemens,66
62261,"Curva PVC 1.1/2""",Curva PVC,MT,Sem Cor,Pial Legrand,89
79285,"Curva PVC 1""",Curva PVC,CJ,Sem Cor,Tigre,13
59337,"Curva PVC 1""",Curva PVC,CJ,Sem Cor,Cobrecom,22
36311,"Curva PVC 1""",Curva PVC,MT,Sem Cor,Tigre,95
37633,"Curva PVC 1""",Curva PVC,ROLO,Sem Cor,Cobrecom,44
34207,"Curva PVC 3/4""",Curva PVC,UN,Sem Cor,Romazi,50
13092,"Curva PVC 3/4""",Curva PVC,CJ,Sem Cor,Siemens,42
85315,"Curva PVC 3/4""",Curva PVC,MT,Sem Cor,Pial Legrand,76
43916,"Curva PVC 1.1/2""",Curva PVC,ROLO,Sem Cor,Schneider,90
47790,"Curva PVC 1""",Curva PVC,MT,Sem Cor,Cobrecom,86
91404,"Curva PVC 3/4""",Curva PVC,PC,Sem Cor,Tigre,11
39144,"Curva PVC 3/4""",Curva PVC,CJ,Sem Cor,Siemens,88
89954,"Curva PVC 1.1/2""",Curva PVC,MT,Sem Cor,WEG,23
47314,"Curva PVC 1""",Curva PVC,MT,Sem Cor,Schneider,33
53445,"Curva PVC 1.1/2""",Curva PVC,CJ,Sem Cor,Romazi,77
80197,"Curva PVC 3/4""",Curva PVC,UN,Sem Cor,Tigre,66
56900,"Curva PVC 1""",Curva PVC,MT,Sem Cor,Siemens,5
71011,"Curva PVC 1.1/2""",Curva PVC,UN,Sem Cor,Pial Legrand,96
54589,"Curva PVC 3/4""",Curva PVC,MT,Sem Cor,WEG,67
71302,Disjuntor 2P 32A,Disjuntor,PC,Sem Cor,Romazi,88
74331,Disjuntor 1P 20A,Disjuntor,PC,Sem Cor,Steck,51
66609,Disjuntor 1P 20A,Disjuntor,PC,Sem Cor,Tigre,82
58171,Disjuntor 1P 16A,Disjuntor,MT,Sem Cor,WEG,43
20428,Disjuntor 2P 32A,Disjuntor,CJ,Sem Cor,WEG,83
40374,Disjuntor 2P 25A,Disjuntor,CJ,Sem Cor,Siemens,33
96054,Disjuntor 3P 40A,Disjuntor,MT,Sem Cor,WEG,24
96286,Disjuntor 2P 25A,Disjuntor,CJ,Sem Cor,Cobrecom,15
30148,Disjuntor 3P 40A,Disjuntor,CJ,Sem Cor,WEG,33
49418,Disjuntor 2P 25A,Disjuntor,PC,Sem Cor,Siemens,88
82782,Disjuntor 2P 25A,Disjuntor,CJ,Sem Cor,Cobrecom,94
66301,Disjuntor 1P 16A,Disjuntor,MT,Sem Cor,Siemens,50
40104,Disjuntor 2P 25A,Disjuntor,CJ,Sem Cor,Steck,98
62487,Disjuntor 1P 16A,Disjuntor,PC,Sem Cor,Steck,54
60840,Disjuntor 3P 40A,Disjuntor,MT,Sem Cor,Siemens,96
77852,Disjuntor 2P 25A,Disjuntor,ROLO,Sem Cor,Schneider,17
46907,Disjuntor 2P 32A,Disjuntor,MT,Sem Cor,Schneider,5
91026,Disjuntor 3P 40A,Disjuntor,ROLO,Sem Cor,Tigre,79
85161,Disjuntor 2P 25A,Disjuntor,UN,Sem Cor,Steck,98
70609,Disjuntor 1P 16A,Disjuntor,ROLO,Sem Cor,Siemens,25
39200,Disjuntor 1P 10A,Disjuntor,MT,Sem Cor,WEG,49
15182,Disjuntor 1P 20A,Disjuntor,CJ,Sem Cor,Cobrecom,10
84349,Disjuntor 1P 10A,Disjuntor,PC,Sem Cor,Romazi,66
82583,Disjuntor 1P 16A,Disjuntor,CJ,Sem Cor,Romazi,70
49072,Disjuntor 1P 20A,Disjuntor,CJ,Sem Cor,WEG,85
35980,Disjuntor 2P 32A,Disjuntor,CJ,Sem Cor,Cobrecom,27
46970,Disjuntor 1P 20A,Disjuntor,ROLO,Sem Cor,Siemens,73
62483,Disjuntor 1P 16A,Disjuntor,ROLO,Sem Cor,Tigre,69
31669,Disjuntor 3P 40A,Disjuntor,UN,Sem Cor,Tigre,78
34910,Disjuntor 1P 16A,Disjuntor,UN,Sem Cor,Tigre,11
48834,Disjuntor 1P 16A,Disjuntor,CJ,Sem Cor,Schneider,15
47838,Disjuntor 2P 25A,Disjuntor,ROLO,Sem Cor,Tigre,8
20164,Disjuntor 1P 20A,Disjuntor,CJ,Sem Cor,Siemens,43
55750,Disjuntor 1P 10A,Disjuntor,MT,Sem Cor,Cobrecom,21
61060,Disjuntor 2P 32A,Disjuntor,PC,Sem Cor,Cobrecom,68
59779,Disjuntor 1P 16A,Disjuntor,UN,Sem Cor,WEG,83
25365,Disjuntor 3P 40A,Disjuntor,ROLO,Sem Cor,Tigre,40
40538,Disjuntor 1P 16A,Disjuntor,PC,Sem Cor,Cobrecom,16
78443,Disjuntor 1P 20A,Disjuntor,CJ,Sem Cor,Cobrecom,75
70561,Disjuntor 1P 16A,Disjuntor,UN,Sem Cor,WEG,17
41364,Disjuntor 3P 40A,Disjuntor,CJ,Sem Cor,Pial Legrand,55
53375,Disjuntor 3P 40A,Disjuntor,MT,Sem Cor,WEG,42
36327,Disjuntor 1P 20A,Disjuntor,UN,Sem Cor,Romazi,57
25341,Disjuntor 1P 10A,Disjuntor,PC,Sem Cor,Siemens,26
55264,Disjuntor 1P 16A,Disjuntor,UN,Sem Cor,Schneider,53
67754,Disjuntor 2P 32A,Disjuntor,PC,Sem Cor,Tigre,13
16144,Disjuntor 1P 10A,Disjuntor,UN,Sem Cor,Cobrecom,35
44759,Disjuntor 1P 20A,Disjuntor,MT,Sem Cor,Steck,90
94037,Disjuntor 2P 25A,Disjuntor,ROLO,Sem Cor,Pial Legrand,86
48250,Disjuntor 1P 16A,Disjuntor,MT,Sem Cor,Romazi,27
93402,Disjuntor 3P 40A,Disjuntor,UN,Sem Cor,Romazi,41
67508,Disjuntor 1P 20A,Disjuntor,UN,Sem Cor,Pial Legrand,9
39427,Disjuntor 3P 40A,Disjuntor,CJ,Sem Cor,Cobrecom,35
67290,Disjuntor 1P 20A,Disjuntor,CJ,Sem Cor,WEG,62
16481,Disjuntor 2P 32A,Disjuntor,ROLO,Sem Cor,WEG,59
66766,Disjuntor 1P 16A,Disjuntor,ROLO,Sem Cor,Pial Legrand,22
44502,Disjuntor Motor 4-6.3A,Disjuntor Motor,CJ,Sem Cor,Schneider,84
61157,Disjuntor Motor 4-6.3A,Disjuntor Motor,MT,Sem Cor,Schneider,76
62203,Disjuntor Motor 0.4-0.63A,Disjuntor Motor,CJ,Sem Cor,Romazi,25
87038,Disjuntor Motor 4-6.3A,Disjuntor Motor,ROLO,Sem Cor,Cobrecom,68
75362,Disjuntor Motor 4-6.3A,Disjuntor Motor,MT,Sem Cor,Steck,77
62671,Disjuntor Motor 4-6.3A,Disjuntor Motor,ROLO,Sem Cor,Steck,92
81819,Disjuntor Motor 1.6-2.5A,Disjuntor Motor,PC,Sem Cor,Cobrecom,49
60996,Disjuntor Motor 4-6.3A,Disjuntor Motor,UN,Sem Cor,Tigre,31
38074,Disjuntor Motor 4-6.3A,Disjuntor Motor,CJ,Sem Cor,Pial Legrand,49
22284,Disjuntor Motor 1.6-2.5A,Disjuntor Motor,ROLO,Sem Cor,Steck,100
90146,Disjuntor Motor 4-6.3A,Disjuntor Motor,PC,Sem Cor,Steck,15
53893,Disjuntor Motor 1.6-2.5A,Disjuntor Motor,PC,Sem Cor,Steck,82
66990,Disjuntor Motor 4-6.3A,Disjuntor Motor,MT,Sem Cor,Steck,29
39370,Disjuntor Motor 1.6-2.5A,Disjuntor Motor,ROLO,Sem Cor,WEG,14
55878,Disjuntor Motor 0.4-0.63A,Disjuntor Motor,PC,Sem Cor,Tigre,20
55461,Disjuntor Motor 4-6.3A,Disjuntor Motor,PC,Sem Cor,Tigre,58
62630,Disjuntor Motor 4-6.3A,Disjuntor Motor,CJ,Sem Cor,Romazi,71
40419,Disjuntor Motor 4-6.3A,Disjuntor Motor,ROLO,Sem Cor,Siemens,53
63244,Disjuntor Motor 1.6-2.5A,Disjuntor Motor,UN,Sem Cor,Schneider,27
57524,Disjuntor Motor 4-6.3A,Disjuntor Motor,MT,Sem Cor,Siemens,88
79486,Disjuntor Motor 1.6-2.5A,Disjuntor Motor,PC,Sem Cor,Pial Legrand,25
11770,Disjuntor Motor 0.4-0.63A,Disjuntor Motor,ROLO,Sem Cor,Romazi,82
81382,Disjuntor Motor 0.4-0.63A,Disjuntor Motor,PC,Sem Cor,Romazi,56
19075,Disjuntor Motor 1.6-2.5A,Disjuntor Motor,ROLO,Sem Cor,Schneider,74
93456,Disjuntor Motor 0.4-0.63A,Disjuntor Motor,ROLO,Sem Cor,WEG,60
93935,Disjuntor Motor 1.6-2.5A,Disjuntor Motor,MT,Sem Cor,Tigre,67
75931,Disjuntor Motor 4-6.3A,Disjuntor Motor,ROLO,Sem Cor,Pial Legrand,88
26922,Disjuntor Motor 1.6-2.5A,Disjuntor Motor,UN,Sem Cor,Pial Legrand,58
92681,Disjuntor Motor 1.6-2.5A,Disjuntor Motor,CJ,Sem Cor,Cobrecom,26
90205,Disjuntor Motor 4-6.3A,Disjuntor Motor,MT,Sem Cor,Schneider,45
59593,Disjuntor Motor 0.4-0.63A,Disjuntor Motor,MT,Sem Cor,Schneider,15
27619,"Eletroduto PVC 1""",Eletroduto,CJ,Sem Cor,Steck,28
14554,"Eletroduto PVC 3/4""",Eletroduto,CJ,Sem Cor,Romazi,70
72135,"Eletroduto PVC 1""",Eletroduto,CJ,Sem Cor,Schneider,76
17824,"Eletroduto PVC 1.1/4""",Eletroduto,ROLO,Sem Cor,Cobrecom,97
61411,"Eletroduto PVC 1""",Eletroduto,ROLO,Sem Cor,WEG,97
68672,"Eletroduto PVC 1""",Eletroduto,ROLO,Sem Cor,WEG,30
90041,"Eletroduto PVC 1.1/4""",Eletroduto,ROLO,Sem Cor,Romazi,36
52085,"Eletroduto PVC 1.1/4""",Eletroduto,ROLO,Sem Cor,Siemens,62
29608,"Eletroduto PVC 3/4""",Eletroduto,PC,Sem Cor,Pial Legrand,57
18180,"Eletroduto PVC 3/4""",Eletroduto,MT,Sem Cor,Schneider,50
37747,"Eletroduto PVC 1""",Eletroduto,ROLO,Sem Cor,Romazi,74
44022,"Eletroduto PVC 3/4""",Eletroduto,CJ,Sem Cor,Romazi,35
41593,"Eletroduto PVC 1""",Eletroduto,UN,Sem Cor,Tigre,49
31574,"Eletroduto PVC 1""",Eletroduto,UN,Sem Cor,Tigre,91
83046,"Eletroduto PVC 3/4""",Eletroduto,CJ,Sem Cor,Cobrecom,79
89216,"Eletroduto PVC 1.1/4""",Eletroduto,MT,Sem Cor,Pial Legrand,5
99638,"Eletroduto PVC 1""",Eletroduto,MT,Sem Cor,Romazi,89
24562,"Eletroduto PVC 1""",Eletroduto,PC,Sem Cor,Romazi,12
25187,"Eletroduto PVC 1""",Eletroduto,CJ,Sem Cor,Pial Legrand,79
50765,"Eletroduto PVC 3/4""",Eletroduto,PC,Sem Cor,Cobrecom,23
56392,"Eletroduto PVC 1""",Eletroduto,MT,Sem Cor,Steck,45
37444,"Eletroduto PVC 1""",Eletroduto,CJ,Sem Cor,WEG,19
35755,"Eletroduto PVC 1""",Eletroduto,CJ,Sem Cor,Siemens,86
67836,"Eletroduto PVC 3/4""",Eletroduto,ROLO,Sem Cor,Siemens,50
97650,"Eletroduto PVC 3/4""",Eletroduto,PC,Sem Cor,Cobrecom,14
84756,"Eletroduto PVC 1.1/4""",Eletroduto,UN,Sem Cor,Pial Legrand,58
25943,"Eletroduto PVC 1.1/4""",Eletroduto,MT,Sem Cor,Steck,59
32681,"Eletroduto PVC 1""",Eletroduto,MT,Sem Cor,Pial Legrand,92
21934,"Eletroduto PVC 3/4""",Eletroduto,MT,Sem Cor,Siemens,87
37423,"Eletroduto PVC 3/4""",Eletroduto,MT,Sem Cor,Cobrecom,60
67634,"Eletroduto PVC 3/4""",Eletroduto,ROLO,Sem Cor,Steck,37
50567,"Eletroduto PVC 1.1/4""",Eletroduto,UN,Sem Cor,Steck,57
17235,"Eletroduto PVC 1.1/4""",Eletroduto,MT,Sem Cor,Tigre,9
85754,"Eletroduto PVC 3/4""",Eletroduto,PC,Sem Cor,Schneider,57
99729,"Eletroduto PVC 3/4""",Eletroduto,ROLO,Sem Cor,Siemens,61
27137,"Eletroduto PVC 1.1/4""",Eletroduto,UN,Sem Cor,WEG,75
71962,"Eletroduto PVC 1""",Eletroduto,MT,Sem Cor,Tigre,77
24303,"Eletroduto PVC 1""",Eletroduto,UN,Sem Cor,Pial Legrand,94
50042,"Eletroduto PVC 3/4""",Eletroduto,ROLO,Sem Cor,Schneider,80
85730,"Eletroduto PVC 1""",Eletroduto,CJ,Sem Cor,Cobrecom,37
26784,"Eletroduto PVC 3/4""",Eletroduto,CJ,Sem Cor,Pial Legrand,20
49680,"Eletroduto PVC 1.1/4""",Eletroduto,ROLO,Sem Cor,WEG,43
67725,"Eletroduto PVC 1.1/4""",Eletroduto,UN,Sem Cor,Steck,45
68836,"Eletroduto PVC 1""",Eletroduto,MT,Sem Cor,WEG,18
98104,"Eletroduto PVC 1.1/4""",Eletroduto,PC,Sem Cor,Tigre,7
28387,"Eletroduto PVC 1""",Eletroduto,MT,Sem Cor,Romazi,29
11197,"Eletroduto PVC 3/4""",Eletroduto,UN,Sem Cor,Pial Legrand,76
37338,"Eletroduto PVC 1.1/4""",Eletroduto,MT,Sem Cor,WEG,73
98277,"Eletroduto PVC 1.1/4""",Eletroduto,CJ,Sem Cor,Tigre,90
23595,"Eletroduto PVC 1.1/4""",Eletroduto,PC,Sem Cor,Steck,74
90289,"Eletroduto PVC 1.1/4""",Eletroduto,CJ,Sem Cor,Schneider,39
25893,"Eletroduto PVC 3/4""",Eletroduto,UN,Sem Cor,Steck,44
50246,"Eletroduto PVC 1""",Eletroduto,CJ,Sem Cor,Siemens,54
16204,"Eletroduto PVC 1""",Eletroduto,PC,Sem Cor,Schneider,9
13912,"Eletroduto PVC 1""",Eletroduto,ROLO,Sem Cor,Schneider,95
71572,"Eletroduto PVC 3/4""",Eletroduto,MT,Sem Cor,Tigre,53
73157,"Eletroduto PVC 3/4""",Eletroduto,PC,Sem Cor,Steck,7
11567,Fonte Chaveada 48V 2A,Fonte Chaveada,CJ,Sem Cor,Romazi,64
10959,Fonte Chaveada 48V 2A,Fonte Chaveada,MT,Sem Cor,Tigre,65
57991,Fonte Chaveada 12V 10A,Fonte Chaveada,PC,Sem Cor,Tigre,16
13988,Fonte Chaveada 48V 2A,Fonte Chaveada,CJ,Sem Cor,Siemens,94
61130,Fonte Chaveada 12V 10A,Fonte Chaveada,ROLO,Sem Cor,Tigre,57
25221,Fonte Chaveada 24V 5A,Fonte Chaveada,ROLO,Sem Cor,Romazi,53
42511,Fonte Chaveada 12V 10A,Fonte Chaveada,UN,Sem Cor,Steck,62
20687,Fonte Chaveada 24V 5A,Fonte Chaveada,PC,Sem Cor,Schneider,76
10479,Fonte Chaveada 48V 2A,Fonte Chaveada,UN,Sem Cor,Romazi,81
76552,Fonte Chaveada 48V 2A,Fonte Chaveada,CJ,Sem Cor,Tigre,45
66865,Fonte Chaveada 12V 10A,Fonte Chaveada,CJ,Sem Cor,WEG,94
86157,Fonte Chaveada 24V 5A,Fonte Chaveada,UN,Sem Cor,Cobrecom,89
93012,Fonte Chaveada 12V 10A,Fonte Chaveada,PC,Sem Cor,WEG,33
56786,Fonte Chaveada 24V 5A,Fonte Chaveada,ROLO,Sem Cor,Steck,89
68909,Fonte Chaveada 48V 2A,Fonte Chaveada,MT,Sem Cor,Romazi,21
77877,Fonte Chaveada 24V 5A,Fonte Chaveada,UN,Sem Cor,Romazi,23
62335,Fonte Chaveada 12V 10A,Fonte Chaveada,PC,Sem Cor,Romazi,42
48994,Fonte Chaveada 48V 2A,Fonte Chaveada,PC,Sem Cor,Cobrecom,5
87753,Fonte Chaveada 48V 2A,Fonte Chaveada,PC,Sem Cor,Cobrecom,37
96603,Fonte Chaveada 24V 5A,Fonte Chaveada,PC,Sem Cor,Schneider,6
87938,Fonte Chaveada 24V 5A,Fonte Chaveada,MT,Sem Cor,Pial Legrand,58
15811,Fonte Chaveada 48V 2A,Fonte Chaveada,ROLO,Sem Cor,WEG,54
55958,Interruptor 1 tecla,Interruptor,UN,Sem Cor,WEG,40
87936,Interruptor 3 teclas,Interruptor,UN,Sem Cor,Romazi,12
12691,Interruptor 1 tecla,Interruptor,PC,Sem Cor,Romazi,25
69487,Interruptor 2 teclas,Interruptor,UN,Sem Cor,Cobrecom,28
13961,Interruptor 1 tecla,Interruptor,PC,Sem Cor,Steck,26
24849,Interruptor 3 teclas,Interruptor,ROLO,Sem Cor,Romazi,54
23919,Interruptor 1 tecla,Interruptor,PC,Sem Cor,WEG,42
82259,Interruptor 2 teclas,Interruptor,CJ,Sem Cor,Steck,97
80841,Interruptor 3 teclas,Interruptor,ROLO,Sem Cor,Tigre,96
93992,Interruptor 1 tecla,Interruptor,CJ,Sem Cor,Pial Legrand,24
37715,Interruptor 2 teclas,Interruptor,PC,Sem Cor,Tigre,64
23329,Interruptor 1 tecla,Interruptor,PC,Sem Cor,Schneider,7
83791,Interruptor 2 teclas,Interruptor,MT,Sem Cor,Cobrecom,32
17193,Interruptor 1 tecla,Interruptor,UN,Sem Cor,WEG,96
85521,Interruptor 1 tecla,Interruptor,ROLO,Sem Cor,Tigre,80
88053,Interruptor 3 teclas,Interruptor,UN,Sem Cor,Schneider,49
22248,Interruptor 1 tecla,Interruptor,PC,Sem Cor,WEG,52
88487,Interruptor 1 tecla,Interruptor,ROLO,Sem Cor,Romazi,82
66902,Interruptor 2 teclas,Interruptor,PC,Sem Cor,Romazi,49
68825,Interruptor 2 teclas,Interruptor,UN,Sem Cor,Romazi,87
63317,Interruptor 3 teclas,Interruptor,ROLO,Sem Cor,Schneider,19
44334,Interruptor 2 teclas,Interruptor,CJ,Sem Cor,WEG,21
24023,Interruptor 2 teclas,Interruptor,ROLO,Sem Cor,Siemens,39
27180,Interruptor 3 teclas,Interruptor,ROLO,Sem Cor,Romazi,90
60999,Interruptor 2 teclas,Interruptor,UN,Sem Cor,Siemens,77
87342,Interruptor 1 tecla,Interruptor,PC,Sem Cor,Romazi,85
46882,Interruptor 1 tecla,Interruptor,PC,Sem Cor,WEG,40
77322,Interruptor 2 teclas,Interruptor,CJ,Sem Cor,Steck,50
40697,Interruptor 3 teclas,Interruptor,ROLO,Sem Cor,Cobrecom,59
44662,Interruptor 2 teclas,Interruptor,CJ,Sem Cor,Cobrecom,38
82436,Interruptor 1 tecla,Interruptor,MT,Sem Cor,Romazi,74
25796,Interruptor 1 tecla,Interruptor,CJ,Sem Cor,Schneider,88
78904,Interruptor 3 teclas,Interruptor,ROLO,Sem Cor,Pial Legrand,7
29312,Interruptor 1 tecla,Interruptor,ROLO,Sem Cor,Tigre,37
40381,Interruptor 1 tecla,Interruptor,ROLO,Sem Cor,Schneider,49
88228,Interruptor 1 tecla,Interruptor,PC,Sem Cor,Steck,28
58067,Interruptor 3 teclas,Interruptor,UN,Sem Cor,Romazi,26
94811,Interruptor 1 tecla,Interruptor,PC,Sem Cor,Cobrecom,21
26691,Interruptor 3 teclas,Interruptor,MT,Sem Cor,Pial Legrand,91
95676,Interruptor 2 teclas,Interruptor,PC,Sem Cor,Steck,80
61794,Interruptor 3 teclas,Interruptor,PC,Sem Cor,Siemens,10
95916,Interruptor 3 teclas,Interruptor,MT,Sem Cor,Steck,68
49214,Interruptor 1 tecla,Interruptor,PC,Sem Cor,Romazi,8
62248,Interruptor 3 teclas,Interruptor,ROLO,Sem Cor,Schneider,13
11795,Interruptor 2 teclas,Interruptor,UN,Sem Cor,Schneider,75
15432,Interruptor 2 teclas,Interruptor,PC,Sem Cor,Schneider,56
15754,Interruptor 2 teclas,Interruptor,UN,Sem Cor,Romazi,17
80123,Interruptor 3 teclas,Interruptor,CJ,Sem Cor,Steck,18
18732,Interruptor 3 teclas,Interruptor,CJ,Sem Cor,Steck,21
79211,Interruptor 1 tecla,Interruptor,CJ,Sem Cor,Siemens,95
52518,Interruptor 3 teclas,Interruptor,CJ,Sem Cor,Steck,28
54371,Interruptor 2 teclas,Interruptor,MT,Sem Cor,Steck,65
72759,Interruptor 3 teclas,Interruptor,PC,Sem Cor,Siemens,39
70314,Interruptor 2 teclas,Interruptor,MT,Sem Cor,Siemens,98
62646,Interruptor 3 teclas,Interruptor,ROLO,Sem Cor,Schneider,27
81906,Interruptor 2 teclas,Interruptor,PC,Sem Cor,Romazi,92
28701,Interruptor 3 teclas,Interruptor,ROLO,Sem Cor,Siemens,31
62789,Interruptor 2 teclas,Interruptor,ROLO,Sem Cor,WEG,42
32873,Interruptor 1 tecla,Interruptor,CJ,Sem Cor,Tigre,98
39822,Interruptor 2 teclas,Interruptor,PC,Sem Cor,Tigre,28
70575,Interruptor 2 teclas,Interruptor,UN,Sem Cor,Schneider,98
25193,Interruptor 3 teclas,Interruptor,UN,Sem Cor,Siemens,55
53370,Interruptor 1 tecla,Interruptor,MT,Sem Cor,Pial Legrand,15
75741,Interruptor 2 teclas,Interruptor,ROLO,Sem Cor,Pial Legrand,16
69556,Interruptor 2 teclas,Interruptor,PC,Sem Cor,Steck,42
16203,Interruptor 1 tecla,Interruptor,PC,Sem Cor,Cobrecom,18
73318,Interruptor 1 tecla,Interruptor,UN,Sem Cor,Schneider,47
48033,Interruptor 1 tecla,Interruptor,PC,Sem Cor,Schneider,88
34805,Interruptor 2 teclas,Interruptor,CJ,Sem Cor,Pial Legrand,86
41041,Interruptor 2 teclas,Interruptor,UN,Sem Cor,Schneider,44
31450,Interruptor 1 tecla,Interruptor,UN,Sem Cor,Cobrecom,85
79491,Interruptor 3 teclas,Interruptor,UN,Sem Cor,Romazi,77
58156,Interruptor 2 teclas,Interruptor,UN,Sem Cor,Siemens,15
97915,Interruptor 2 teclas,Interruptor,PC,Sem Cor,Steck,86
91353,Interruptor 1 tecla,Interruptor,CJ,Sem Cor,Tigre,100
50880,Interruptor 1 tecla,Interruptor,MT,Sem Cor,Siemens,58
35690,Interruptor 3 teclas,Interruptor,ROLO,Sem Cor,Siemens,12
79200,Interruptor 1 tecla,Interruptor,ROLO,Sem Cor,Tigre,67
56962,Interruptor 3 teclas,Interruptor,UN,Sem Cor,Steck,10
23392,Interruptor 2 teclas,Interruptor,MT,Sem Cor,Romazi,37
58655,Interruptor 1 tecla,Interruptor,ROLO,Sem Cor,WEG,54
48744,Interruptor 1 tecla,Interruptor,UN,Sem Cor,Schneider,21
32000,Interruptor 1 tecla,Interruptor,MT,Sem Cor,Tigre,55
88172,Interruptor 2 teclas,Interruptor,ROLO,Sem Cor,Romazi,46
72990,Interruptor 1 tecla,Interruptor,PC,Sem Cor,Schneider,55
78942,Interruptor 1 tecla,Interruptor,ROLO,Sem Cor,Steck,56
73982,Interruptor 3 teclas,Interruptor,PC,Sem Cor,Schneider,28
83222,Interruptor 2 teclas,Interruptor,UN,Sem Cor,Schneider,64
10304,Interruptor 1 tecla,Interruptor,MT,Sem Cor,Pial Legrand,40
92433,Inversor de Frequência 1.5kW,Inversor de Frequência,MT,Sem Cor,Cobrecom,96
61878,Inversor de Frequência 3kW,Inversor de Frequência,MT,Sem Cor,Cobrecom,85
52131,Inversor de Frequência 3kW,Inversor de Frequência,MT,Sem Cor,Siemens,65
53190,Inversor de Frequência 3kW,Inversor de Frequência,MT,Sem Cor,Schneider,59
31416,Inversor de Frequência 3kW,Inversor de Frequência,MT,Sem Cor,Schneider,90
46271,Inversor de Frequência 0.75kW,Inversor de Frequência,CJ,Sem Cor,Tigre,10
40400,Inversor de Frequência 1.5kW,Inversor de Frequência,ROLO,Sem Cor,WEG,100
80615,Inversor de Frequência 1.5kW,Inversor de Frequência,ROLO,Sem Cor,Cobrecom,100
69297,Inversor de Frequência 3kW,Inversor de Frequência,CJ,Sem Cor,Schneider,37
49847,Inversor de Frequência 3kW,Inversor de Frequência,UN,Sem Cor,Steck,97
43803,Inversor de Frequência 1.5kW,Inversor de Frequência,UN,Sem Cor,Schneider,11
52478,Inversor de Frequência 1.5kW,Inversor de Frequência,PC,Sem Cor,Tigre,89
63064,Inversor de Frequência 0.75kW,Inversor de Frequência,CJ,Sem Cor,WEG,53
36577,Inversor de Frequência 3kW,Inversor de Frequência,UN,Sem Cor,Steck,41
60183,Inversor de Frequência 3kW,Inversor de Frequência,PC,Sem Cor,Pial Legrand,69
96183,Inversor de Frequência 3kW,Inversor de Frequência,UN,Sem Cor,WEG,82
61266,Inversor de Frequência 1.5kW,Inversor de Frequência,UN,Sem Cor,Romazi,12
19845,Inversor de Frequência 3kW,Inversor de Frequência,CJ,Sem Cor,WEG,69
51721,Inversor de Frequência 1.5kW,Inversor de Frequência,PC,Sem Cor,Siemens,31
20451,Inversor de Frequência 1.5kW,Inversor de Frequência,CJ,Sem Cor,Steck,87
72786,Inversor de Frequência 3kW,Inversor de Frequência,PC,Sem Cor,Tigre,10
99036,Inversor de Frequência 0.75kW,Inversor de Frequência,MT,Sem Cor,Cobrecom,77
87326,Inversor de Frequência 3kW,Inversor de Frequência,MT,Sem Cor,Siemens,71
53935,Inversor de Frequência 1.5kW,Inversor de Frequência,UN,Sem Cor,Siemens,35
71472,Inversor de Frequência 3kW,Inversor de Frequência,PC,Sem Cor,Steck,89
44409,Inversor de Frequência 1.5kW,Inversor de Frequência,UN,Sem Cor,Siemens,8
51116,"Luva PVC 1.1/4""",Luva PVC,ROLO,Sem Cor,Romazi,8
46529,"Luva PVC 1""",Luva PVC,CJ,Sem Cor,Steck,53
30406,"Luva PVC 1.1/4""",Luva PVC,MT,Sem Cor,WEG,82
89253,"Luva PVC 1""",Luva PVC,CJ,Sem Cor,Steck,83
96580,"Luva PVC 3/4""",Luva PVC,CJ,Sem Cor,Siemens,9
71386,"Luva PVC 1""",Luva PVC,CJ,Sem Cor,WEG,5
98956,"Luva PVC 1""",Luva PVC,CJ,Sem Cor,Steck,39
13590,"Luva PVC 1.1/4""",Luva PVC,PC,Sem Cor,Cobrecom,58
82983,"Luva PVC 1""",Luva PVC,CJ,Sem Cor,Pial Legrand,71
35333,"Luva PVC 3/4""",Luva PVC,PC,Sem Cor,Siemens,39
75680,"Luva PVC 3/4""",Luva PVC,MT,Sem Cor,Romazi,43
56903,"Luva PVC 3/4""",Luva PVC,UN,Sem Cor,Schneider,73
21507,"Luva PVC 1.1/4""",Luva PVC,MT,Sem Cor,Schneider,8
90110,"Luva PVC 1.1/4""",Luva PVC,CJ,Sem Cor,Tigre,61
87211,"Luva PVC 1.1/4""",Luva PVC,MT,Sem Cor,Schneider,87
17695,"Luva PVC 3/4""",Luva PVC,CJ,Sem Cor,WEG,11
63797,"Luva PVC 1""",Luva PVC,PC,Sem Cor,Pial Legrand,13
35518,"Luva PVC 1""",Luva PVC,CJ,Sem Cor,Siemens,41
51440,"Luva PVC 1""",Luva PVC,UN,Sem Cor,Cobrecom,62
98338,"Luva PVC 1""",Luva PVC,PC,Sem Cor,Steck,22
64523,"Luva PVC 1.1/4""",Luva PVC,CJ,Sem Cor,Steck,24
52080,"Luva PVC 1""",Luva PVC,CJ,Sem Cor,Cobrecom,27
58194,"Luva PVC 1""",Luva PVC,UN,Sem Cor,WEG,53
49509,"Luva PVC 1.1/4""",Luva PVC,PC,Sem Cor,Cobrecom,30
66685,"Luva PVC 3/4""",Luva PVC,PC,Sem Cor,Siemens,68
63954,"Luva PVC 3/4""",Luva PVC,UN,Sem Cor,Schneider,87
34633,"Luva PVC 1""",Luva PVC,UN,Sem Cor,Cobrecom,36
60605,"Luva PVC 3/4""",Luva PVC,MT,Sem Cor,Schneider,39
44929,"Luva PVC 1.1/4""",Luva PVC,PC,Sem Cor,Romazi,29
17099,"Luva PVC 1""",Luva PVC,PC,Sem Cor,WEG,81
27025,"Luva PVC 3/4""",Luva PVC,PC,Sem Cor,WEG,34
27147,"Luva PVC 1""",Luva PVC,ROLO,Sem Cor,Romazi,48
61833,"Luva PVC 1""",Luva PVC,CJ,Sem Cor,Steck,82
24999,"Luva PVC 1.1/4""",Luva PVC,UN,Sem Cor,WEG,76
94578,"Luva PVC 1.1/4""",Luva PVC,CJ,Sem Cor,Schneider,38
85970,"Luva PVC 3/4""",Luva PVC,PC,Sem Cor,Schneider,86
20573,"Luva PVC 1""",Luva PVC,UN,Sem Cor,WEG,7
69115,"Luva PVC 3/4""",Luva PVC,UN,Sem Cor,Pial Legrand,60
88948,"Luva PVC 3/4""",Luva PVC,ROLO,Sem Cor,Cobrecom,47
14559,"Luva PVC 1.1/4""",Luva PVC,ROLO,Sem Cor,Siemens,13
44469,"Luva PVC 1""",Luva PVC,CJ,Sem Cor,WEG,89
37262,"Luva PVC 1""",Luva PVC,CJ,Sem Cor,Cobrecom,69
63277,"Luva PVC 1.1/4""",Luva PVC,ROLO,Sem Cor,Cobrecom,41
25541,"Luva PVC 1.1/4""",Luva PVC,UN,Sem Cor,WEG,93
72995,"Luva PVC 1""",Luva PVC,UN,Sem Cor,Steck,27
83061,"Luva PVC 1""",Luva PVC,MT,Sem Cor,Steck,76
15024,"Luva PVC 1.1/4""",Luva PVC,PC,Sem Cor,Siemens,21
75379,"Luva PVC 1.1/4""",Luva PVC,MT,Sem Cor,Pial Legrand,23
27191,"Luva PVC 1""",Luva PVC,PC,Sem Cor,WEG,19
37993,"Luva PVC 1.1/4""",Luva PVC,MT,Sem Cor,Tigre,54
55330,"Luva PVC 3/4""",Luva PVC,PC,Sem Cor,WEG,8
94030,"Luva PVC 1.1/4""",Luva PVC,MT,Sem Cor,Romazi,54
99920,"Luva PVC 1.1/4""",Luva PVC,UN,Sem Cor,Cobrecom,36
14493,"Luva PVC 3/4""",Luva PVC,CJ,Sem Cor,Siemens,7
15756,"Luva PVC 3/4""",Luva PVC,CJ,Sem Cor,Schneider,9
40672,"Luva PVC 3/4""",Luva PVC,CJ,Sem Cor,Cobrecom,68
48533,"Luva PVC 3/4""",Luva PVC,PC,Sem Cor,Pial Legrand,46
35002,"Luva PVC 1""",Luva PVC,UN,Sem Cor,Steck,21
35129,"Luva PVC 1""",Luva PVC,MT,Sem Cor,Tigre,71
68537,"Luva PVC 3/4""",Luva PVC,ROLO,Sem Cor,Pial Legrand,91
77031,"Luva PVC 3/4""",Luva PVC,CJ,Sem Cor,Cobrecom,5
56690,"Luva PVC 1.1/4""",Luva PVC,CJ,Sem Cor,Pial Legrand,97
22496,"Luva PVC 3/4""",Luva PVC,MT,Sem Cor,Schneider,18
52653,"Luva PVC 1.1/4""",Luva PVC,ROLO,Sem Cor,Siemens,40
85183,"Luva PVC 3/4""",Luva PVC,MT,Sem Cor,Steck,42
36027,"Luva PVC 1""",Luva PVC,CJ,Sem Cor,Pial Legrand,9
11753,"Luva PVC 1.1/4""",Luva PVC,CJ,Sem Cor,Cobrecom,87
61226,"Luva PVC 1""",Luva PVC,MT,Sem Cor,Steck,80
17510,"Luva PVC 1.1/4""",Luva PVC,ROLO,Sem Cor,Steck,21
94570,"Luva PVC 3/4""",Luva PVC,ROLO,Sem Cor,Pial Legrand,96
49392,Quadro de Distribuição 4 disjuntores,Quadro de Distribuição,CJ,Sem Cor,Siemens,98
46152,Quadro de Distribuição 12 disjuntores,Quadro de Distribuição,ROLO,Sem Cor,Schneider,82
93678,Quadro de Distribuição 4 disjuntores,Quadro de Distribuição,PC,Sem Cor,Romazi,48
39907,Quadro de Distribuição 8 disjuntores,Quadro de Distribuição,UN,Sem Cor,Tigre,40
84911,Quadro de Distribuição 8 disjuntores,Quadro de Distribuição,PC,Sem Cor,WEG,26
73571,Quadro de Distribuição 8 disjuntores,Quadro de Distribuição,ROLO,Sem Cor,Steck,93
52476,Quadro de Distribuição 12 disjuntores,Quadro de Distribuição,MT,Sem Cor,WEG,88
81139,Quadro de Distribuição 8 disjuntores,Quadro de Distribuição,CJ,Sem Cor,Schneider,56
44653,Quadro de Distribuição 8 disjuntores,Quadro de Distribuição,PC,Sem Cor,Schneider,29
75207,Quadro de Distribuição 12 disjuntores,Quadro de Distribuição,MT,Sem Cor,Tigre,7
62312,Quadro de Distribuição 8 disjuntores,Quadro de Distribuição,PC,Sem Cor,Pial Legrand,41
21768,Quadro de Distribuição 12 disjuntores,Quadro de Distribuição,ROLO,Sem Cor,Pial Legrand,28
89976,Quadro de Distribuição 8 disjuntores,Quadro de Distribuição,MT,Sem Cor,Steck,6
45139,Quadro de Distribuição 8 disjuntores,Quadro de Distribuição,CJ,Sem Cor,Schneider,94
35445,Quadro de Distribuição 12 disjuntores,Quadro de Distribuição,PC,Sem Cor,Romazi,19
73201,Quadro de Distribuição 4 disjuntores,Quadro de Distribuição,ROLO,Sem Cor,Siemens,70
12739,Quadro de Distribuição 4 disjuntores,Quadro de Distribuição,UN,Sem Cor,Pial Legrand,86
89334,Quadro de Distribuição 8 disjuntores,Quadro de Distribuição,UN,Sem Cor,Pial Legrand,66
26151,Quadro de Distribuição 4 disjuntores,Quadro de Distribuição,MT,Sem Cor,Cobrecom,47
19247,Quadro de Distribuição 12 disjuntores,Quadro de Distribuição,ROLO,Sem Cor,Schneider,48
29718,Quadro de Distribuição 8 disjuntores,Quadro de Distribuição,ROLO,Sem Cor,Romazi,58
41085,Quadro de Distribuição 12 disjuntores,Quadro de Distribuição,ROLO,Sem Cor,Steck,71
36772,Quadro de Distribuição 8 disjuntores,Quadro de Distribuição,ROLO,Sem Cor,Romazi,67
66454,Quadro de Distribuição 12 disjuntores,Quadro de Distribuição,ROLO,Sem Cor,Steck,78
73841,Quadro de Distribuição 12 disjuntores,Quadro de Distribuição,ROLO,Sem Cor,Pial Legrand,28
66958,Quadro de Distribuição 8 disjuntores,Quadro de Distribuição,PC,Sem Cor,Tigre,28
24362,Quadro de Distribuição 8 disjuntores,Quadro de Distribuição,CJ,Sem Cor,Tigre,70
27898,Quadro de Distribuição 12 disjuntores,Quadro de Distribuição,CJ,Sem Cor,Steck,51
26009,Quadro de Distribuição 4 disjuntores,Quadro de Distribuição,MT,Sem Cor,Tigre,19
77119,Quadro de Distribuição 12 disjuntores,Quadro de Distribuição,PC,Sem Cor,Steck,81
16238,Quadro de Distribuição 4 disjuntores,Quadro de Distribuição,MT,Sem Cor,Pial Legrand,38
35933,Quadro de Distribuição 12 disjuntores,Quadro de Distribuição,ROLO,Sem Cor,WEG,14
62085,Quadro de Distribuição 4 disjuntores,Quadro de Distribuição,PC,Sem Cor,Tigre,88
56273,Quadro de Distribuição 12 disjuntores,Quadro de Distribuição,MT,Sem Cor,Schneider,28
21219,Quadro de Distribuição 4 disjuntores,Quadro de Distribuição,ROLO,Sem Cor,Tigre,42
53438,Quadro de Distribuição 8 disjuntores,Quadro de Distribuição,CJ,Sem Cor,Siemens,33
78249,Quadro de Distribuição 12 disjuntores,Quadro de Distribuição,CJ,Sem Cor,Pial Legrand,73
67086,Quadro de Distribuição 8 disjuntores,Quadro de Distribuição,MT,Sem Cor,Steck,33
45482,Quadro de Distribuição 12 disjuntores,Quadro de Distribuição,PC,Sem Cor,Romazi,33
38609,Quadro de Distribuição 4 disjuntores,Quadro de Distribuição,UN,Sem Cor,Siemens,89
84150,Quadro de Distribuição 8 disjuntores,Quadro de Distribuição,CJ,Sem Cor,WEG,30
42162,Quadro de Distribuição 12 disjuntores,Quadro de Distribuição,CJ,Sem Cor,Siemens,87
75812,Quadro de Distribuição 8 disjuntores,Quadro de Distribuição,CJ,Sem Cor,Romazi,100
46464,Quadro de Distribuição 8 disjuntores,Quadro de Distribuição,UN,Sem Cor,Schneider,100
27858,Quadro de Distribuição 8 disjuntores,Quadro de Distribuição,MT,Sem Cor,Cobrecom,34
96369,Quadro de Distribuição 12 disjuntores,Quadro de Distribuição,ROLO,Sem Cor,Cobrecom,27
61468,Quadro de Distribuição 8 disjuntores,Quadro de Distribuição,UN,Sem Cor,Cobrecom,62
81608,Quadro de Distribuição 12 disjuntores,Quadro de Distribuição,UN,Sem Cor,Cobrecom,33
23873,Quadro de Distribuição 4 disjuntores,Quadro de Distribuição,CJ,Sem Cor,Pial Legrand,93
88259,Quadro de Distribuição 12 disjuntores,Quadro de Distribuição,MT,Sem Cor,Romazi,22
20046,Quadro de Distribuição 12 disjuntores,Quadro de Distribuição,ROLO,Sem Cor,Siemens,39
74648,Quadro de Distribuição 4 disjuntores,Quadro de Distribuição,PC,Sem Cor,Schneider,56
77700,Quadro de Distribuição 4 disjuntores,Quadro de Distribuição,MT,Sem Cor,Cobrecom,59
62945,Quadro de Distribuição 8 disjuntores,Quadro de Distribuição,UN,Sem Cor,Romazi,95
15814,Quadro de Distribuição 4 disjuntores,Quadro de Distribuição,MT,Sem Cor,WEG,21
67560,Quadro de Distribuição 8 disjuntores,Quadro de Distribuição,ROLO,Sem Cor,WEG,94
95774,Quadro de Distribuição 4 disjuntores,Quadro de Distribuição,UN,Sem Cor,Cobrecom,90
48808,Quadro de Distribuição 12 disjuntores,Quadro de Distribuição,PC,Sem Cor,Romazi,10
61011,Quadro de Distribuição 4 disjuntores,Quadro de Distribuição,CJ,Sem Cor,Tigre,61
32936,Quadro de Distribuição 4 disjuntores,Quadro de Distribuição,PC,Sem Cor,Schneider,67
65277,Quadro de Distribuição 4 disjuntores,Quadro de Distribuição,ROLO,Sem Cor,Romazi,43
92551,Quadro de Distribuição 8 disjuntores,Quadro de Distribuição,ROLO,Sem Cor,Tigre,51
86467,Quadro de Distribuição 8 disjuntores,Quadro de Distribuição,MT,Sem Cor,Pial Legrand,68
69930,Quadro de Distribuição 8 disjuntores,Quadro de Distribuição,MT,Sem Cor,Romazi,31
13100,Quadro de Distribuição 12 disjuntores,Quadro de Distribuição,ROLO,Sem Cor,Siemens,99
85205,Quadro de Distribuição 8 disjuntores,Quadro de Distribuição,PC,Sem Cor,Siemens,14
85493,Quadro de Distribuição 12 disjuntores,Quadro de Distribuição,PC,Sem Cor,Romazi,82
53849,Reator Eletrônico Para lâmpada fluorescente,Reator Eletrônico,ROLO,Sem Cor,WEG,46
85844,Reator Eletrônico Para vapor metálico,Reator Eletrônico,ROLO,Sem Cor,Schneider,66
85847,Reator Eletrônico Para vapor metálico,Reator Eletrônico,PC,Sem Cor,Siemens,81
73610,Reator Eletrônico Para vapor metálico,Reator Eletrônico,PC,Sem Cor,Pial Legrand,68
22036,Reator Eletrônico Para lâmpada fluorescente,Reator Eletrônico,PC,Sem Cor,Steck,60
21404,Reator Eletrônico Para lâmpada fluorescente,Reator Eletrônico,PC,Sem Cor,Romazi,57
84907,Reator Eletrônico Para vapor metálico,Reator Eletrônico,ROLO,Sem Cor,Cobrecom,84
97914,Reator Eletrônico Para vapor metálico,Reator Eletrônico,PC,Sem Cor,Pial Legrand,79
35825,Reator Eletrônico Para vapor metálico,Reator Eletrônico,MT,Sem Cor,WEG,69
88402,Reator Eletrônico Para vapor metálico,Reator Eletrônico,ROLO,Sem Cor,Cobrecom,52
36316,Reator Eletrônico Para lâmpada fluorescente,Reator Eletrônico,CJ,Sem Cor,Romazi,99
36141,Reator Eletrônico Para vapor metálico,Reator Eletrônico,CJ,Sem Cor,Romazi,44
42629,Reator Eletrônico Para vapor metálico,Reator Eletrônico,MT,Sem Cor,WEG,9
95678,Reator Eletrônico Para lâmpada fluorescente,Reator Eletrônico,PC,Sem Cor,Pial Legrand,69
80236,Reator Eletrônico Para lâmpada fluorescente,Reator Eletrônico,MT,Sem Cor,Romazi,65
80227,Reator Eletrônico Para vapor metálico,Reator Eletrônico,ROLO,Sem Cor,Pial Legrand,45
14327,Reator Eletrônico Para lâmpada fluorescente,Reator Eletrônico,PC,Sem Cor,WEG,67
66533,Reator Eletrônico Para lâmpada fluorescente,Reator Eletrônico,PC,Sem Cor,Cobrecom,32
41616,Reator Eletrônico Para vapor metálico,Reator Eletrônico,CJ,Sem Cor,Schneider,89
43108,Reator Eletrônico Para lâmpada fluorescente,Reator Eletrônico,PC,Sem Cor,Siemens,48
32154,Reator Eletrônico Para lâmpada fluorescente,Reator Eletrônico,ROLO,Sem Cor,Cobrecom,45
47936,Reator Eletrônico Para vapor metálico,Reator Eletrônico,PC,Sem Cor,Tigre,30
29210,Reator Eletrônico Para lâmpada fluorescente,Reator Eletrônico,CJ,Sem Cor,Siemens,24
85359,Reator Eletrônico Para lâmpada fluorescente,Reator Eletrônico,MT,Sem Cor,Cobrecom,42
77360,Reator Eletrônico Para vapor metálico,Reator Eletrônico,UN,Sem Cor,Schneider,89
83941,Reator Eletrônico Para vapor metálico,Reator Eletrônico,PC,Sem Cor,Siemens,23
44085,Reator Eletrônico Para lâmpada fluorescente,Reator Eletrônico,MT,Sem Cor,Cobrecom,51
35711,Reator Eletrônico Para lâmpada fluorescente,Reator Eletrônico,CJ,Sem Cor,Schneider,23
42714,Reator Eletrônico Para vapor metálico,Reator Eletrônico,MT,Sem Cor,Romazi,31
96750,Reator Eletrônico Para vapor metálico,Reator Eletrônico,CJ,Sem Cor,WEG,37
90873,Reator Eletrônico Para vapor metálico,Reator Eletrônico,ROLO,Sem Cor,WEG,88
73279,Reator Eletrônico Para lâmpada fluorescente,Reator Eletrônico,MT,Sem Cor,Tigre,35
29079,Reator Eletrônico Para lâmpada fluorescente,Reator Eletrônico,MT,Sem Cor,Tigre,25
85806,Relé Térmico 0.63-1A,Relé Térmico,MT,Sem Cor,Steck,86
67880,Relé Térmico 4-6A,Relé Térmico,CJ,Sem Cor,Tigre,30
76565,Relé Térmico 0.63-1A,Relé Térmico,MT,Sem Cor,WEG,57
45316,Relé Térmico 4-6A,Relé Térmico,MT,Sem Cor,Siemens,17
27213,Relé Térmico 4-6A,Relé Térmico,PC,Sem Cor,Cobrecom,27
24410,Relé Térmico 0.63-1A,Relé Térmico,CJ,Sem Cor,Pial Legrand,65
42440,Relé Térmico 1.6-2.5A,Relé Térmico,MT,Sem Cor,Cobrecom,59
82872,Relé Térmico 4-6A,Relé Térmico,ROLO,Sem Cor,Steck,84
24576,Relé Térmico 1.6-2.5A,Relé Térmico,ROLO,Sem Cor,Schneider,66
26619,Relé Térmico 0.63-1A,Relé Térmico,CJ,Sem Cor,Pial Legrand,91
81211,Relé Térmico 0.63-1A,Relé Térmico,UN,Sem Cor,Cobrecom,85
18964,Relé Térmico 1.6-2.5A,Relé Térmico,UN,Sem Cor,Cobrecom,5
76458,Relé Térmico 0.63-1A,Relé Térmico,MT,Sem Cor,WEG,49
19476,Relé Térmico 0.63-1A,Relé Térmico,PC,Sem Cor,Pial Legrand,22
93975,Relé Térmico 4-6A,Relé Térmico,UN,Sem Cor,Romazi,56
38633,Relé Térmico 1.6-2.5A,Relé Térmico,PC,Sem Cor,Cobrecom,98
26281,Relé Térmico 1.6-2.5A,Relé Térmico,CJ,Sem Cor,Romazi,97
31028,Relé Térmico 1.6-2.5A,Relé Térmico,CJ,Sem Cor,Siemens,67
17389,Relé Térmico 4-6A,Relé Térmico,UN,Sem Cor,Tigre,96
46275,Relé Térmico 4-6A,Relé Térmico,ROLO,Sem Cor,Steck,28
52785,Relé Térmico 0.63-1A,Relé Térmico,MT,Sem Cor,Romazi,8
29275,Relé Térmico 4-6A,Relé Térmico,UN,Sem Cor,Pial Legrand,10
50711,Relé Térmico 4-6A,Relé Térmico,ROLO,Sem Cor,Siemens,97
87852,Relé Térmico 1.6-2.5A,Relé Térmico,UN,Sem Cor,Siemens,45
47074,Relé Térmico 1.6-2.5A,Relé Térmico,ROLO,Sem Cor,WEG,76
64088,Relé Térmico 1.6-2.5A,Relé Térmico,CJ,Sem Cor,Cobrecom,79
47525,Relé Térmico 4-6A,Relé Térmico,PC,Sem Cor,Romazi,60
42716,Relé Térmico 0.63-1A,Relé Térmico,MT,Sem Cor,Romazi,13
56630,Relé Térmico 0.63-1A,Relé Térmico,UN,Sem Cor,Schneider,42
27432,Sensor Indutivo AC/DC 3 fios,Sensor Indutivo,PC,Sem Cor,Romazi,42
65023,Sensor Indutivo AC/DC 3 fios,Sensor Indutivo,UN,Sem Cor,Siemens,66
11158,Sensor Indutivo AC/DC 3 fios,Sensor Indutivo,ROLO,Sem Cor,Steck,40
31178,Sensor Indutivo AC/DC 3 fios,Sensor Indutivo,UN,Sem Cor,Romazi,75
12988,Sensor Indutivo NPN,Sensor Indutivo,MT,Sem Cor,Pial Legrand,59
69587,Sensor Indutivo PNP,Sensor Indutivo,PC,Sem Cor,Schneider,95
18674,Sensor Indutivo PNP,Sensor Indutivo,CJ,Sem Cor,WEG,37
48657,Sensor Indutivo AC/DC 3 fios,Sensor Indutivo,MT,Sem Cor,Schneider,16
43651,Sensor Indutivo AC/DC 3 fios,Sensor Indutivo,CJ,Sem Cor,Siemens,71
73854,Sensor Indutivo AC/DC 3 fios,Sensor Indutivo,UN,Sem Cor,Cobrecom,68
77259,Sensor Indutivo AC/DC 3 fios,Sensor Indutivo,ROLO,Sem Cor,Schneider,58
98143,Sensor Indutivo PNP,Sensor Indutivo,CJ,Sem Cor,Steck,81
31099,Sensor Indutivo NPN,Sensor Indutivo,CJ,Sem Cor,Tigre,25
76550,Sensor Indutivo AC/DC 3 fios,Sensor Indutivo,ROLO,Sem Cor,Pial Legrand,7
21323,Sensor Indutivo NPN,Sensor Indutivo,MT,Sem Cor,Tigre,88
80864,Sensor Indutivo PNP,Sensor Indutivo,UN,Sem Cor,WEG,90
70292,Sensor Indutivo NPN,Sensor Indutivo,CJ,Sem Cor,Cobrecom,46
73993,Sensor Indutivo NPN,Sensor Indutivo,PC,Sem Cor,Pial Legrand,19
55135,Sensor Indutivo AC/DC 3 fios,Sensor Indutivo,PC,Sem Cor,Steck,82
35291,Sensor Indutivo AC/DC 3 fios,Sensor Indutivo,UN,Sem Cor,Steck,16
76315,Sensor Indutivo AC/DC 3 fios,Sensor Indutivo,ROLO,Sem Cor,Schneider,39
67009,Sensor Indutivo PNP,Sensor Indutivo,ROLO,Sem Cor,Schneider,72
34175,Sensor Indutivo AC/DC 3 fios,Sensor Indutivo,MT,Sem Cor,Schneider,47
30728,Sensor Indutivo PNP,Sensor Indutivo,UN,Sem Cor,Cobrecom,30
39117,Sensor Indutivo NPN,Sensor Indutivo,UN,Sem Cor,Cobrecom,39
97319,Sensor Indutivo NPN,Sensor Indutivo,PC,Sem Cor,Romazi,32
87539,Sensor Indutivo AC/DC 3 fios,Sensor Indutivo,ROLO,Sem Cor,Pial Legrand,52
75430,Sensor Indutivo PNP,Sensor Indutivo,CJ,Sem Cor,WEG,66
78192,Sensor Indutivo PNP,Sensor Indutivo,CJ,Sem Cor,Siemens,42
35897,Sensor Indutivo AC/DC 3 fios,Sensor Indutivo,UN,Sem Cor,Steck,97
79578,Sensor Indutivo PNP,Sensor Indutivo,CJ,Sem Cor,Schneider,28
58661,Sensor Indutivo PNP,Sensor Indutivo,CJ,Sem Cor,Romazi,77
18830,Sensor Indutivo NPN,Sensor Indutivo,ROLO,Sem Cor,Pial Legrand,14
22127,Sensor Indutivo AC/DC 3 fios,Sensor Indutivo,CJ,Sem Cor,Schneider,14
41110,Sensor Indutivo PNP,Sensor Indutivo,CJ,Sem Cor,Steck,50
40520,Sensor Indutivo AC/DC 3 fios,Sensor Indutivo,CJ,Sem Cor,Schneider,77
86337,Sensor Indutivo NPN,Sensor Indutivo,PC,Sem Cor,Romazi,97
97384,Tampa Condulete 01 entrada,Tampa Condulete,PC,Sem Cor,Siemens,9
60665,Tampa Condulete 01 entrada,Tampa Condulete,CJ,Sem Cor,Pial Legrand,99
85181,Tampa Condulete 02 entradas,Tampa Condulete,CJ,Sem Cor,Romazi,37
97614,Tampa Condulete 03 entradas,Tampa Condulete,PC,Sem Cor,Romazi,92
98559,Tampa Condulete 01 entrada,Tampa Condulete,ROLO,Sem Cor,Steck,15
10285,Tampa Condulete 03 entradas,Tampa Condulete,MT,Sem Cor,Steck,78
43465,Tampa Condulete 02 entradas,Tampa Condulete,ROLO,Sem Cor,Tigre,23
73724,Tampa Condulete 03 entradas,Tampa Condulete,MT,Sem Cor,Siemens,47
16294,Tampa Condulete 02 entradas,Tampa Condulete,UN,Sem Cor,Tigre,31
39125,Tampa Condulete 01 entrada,Tampa Condulete,MT,Sem Cor,Cobrecom,33
98425,Tampa Condulete 02 entradas,Tampa Condulete,MT,Sem Cor,Romazi,96
13602,Tampa Condulete 02 entradas,Tampa Condulete,PC,Sem Cor,Tigre,7
33204,Tampa Condulete 01 entrada,Tampa Condulete,UN,Sem Cor,Cobrecom,16
36218,Tampa Condulete 01 entrada,Tampa Condulete,PC,Sem Cor,Siemens,25
22596,Tampa Condulete 03 entradas,Tampa Condulete,CJ,Sem Cor,Cobrecom,65
26870,Tampa Condulete 03 entradas,Tampa Condulete,UN,Sem Cor,Cobrecom,77
66961,Tampa Condulete 01 entrada,Tampa Condulete,MT,Sem Cor,Pial Legrand,68
34561,Tampa Condulete 01 entrada,Tampa Condulete,CJ,Sem Cor,Cobrecom,55
56139,Tampa Condulete 01 entrada,Tampa Condulete,MT,Sem Cor,Pial Legrand,83
84221,Tampa Condulete 02 entradas,Tampa Condulete,MT,Sem Cor,Schneider,17
83091,Tampa Condulete 03 entradas,Tampa Condulete,MT,Sem Cor,Tigre,83
68191,Tampa Condulete 01 entrada,Tampa Condulete,MT,Sem Cor,Cobrecom,90
46062,Tampa Condulete 02 entradas,Tampa Condulete,MT,Sem Cor,Steck,20
62726,Tampa Condulete 03 entradas,Tampa Condulete,ROLO,Sem Cor,Romazi,79
45180,Tampa Condulete 03 entradas,Tampa Condulete,PC,Sem Cor,Tigre,98
25453,Tampa Condulete 03 entradas,Tampa Condulete,UN,Sem Cor,Schneider,17
16477,Tampa Condulete 03 entradas,Tampa Condulete,PC,Sem Cor,Tigre,11
77225,Tampa Condulete 02 entradas,Tampa Condulete,MT,Sem Cor,WEG,47
79473,Tampa Condulete 03 entradas,Tampa Condulete,ROLO,Sem Cor,Pial Legrand,88
92881,Tampa Condulete 02 entradas,Tampa Condulete,ROLO,Sem Cor,Romazi,43
99207,Tampa Condulete 02 entradas,Tampa Condulete,MT,Sem Cor,Steck,66
75740,Tampa Condulete 03 entradas,Tampa Condulete,MT,Sem Cor,Siemens,32
30606,Tampa Condulete 03 entradas,Tampa Condulete,UN,Sem Cor,Schneider,71
15629,Tampa Condulete 02 entradas,Tampa Condulete,ROLO,Sem Cor,Siemens,5
74370,Tampa Condulete 02 entradas,Tampa Condulete,MT,Sem Cor,Cobrecom,67
16147,Tampa Condulete 03 entradas,Tampa Condulete,PC,Sem Cor,Tigre,65
80748,Tampa Condulete 03 entradas,Tampa Condulete,UN,Sem Cor,Tigre,94
38764,Tampa Condulete 02 entradas,Tampa Condulete,ROLO,Sem Cor,Romazi,49
59358,Tampa Condulete 03 entradas,Tampa Condulete,PC,Sem Cor,Tigre,33
20827,Tampa Condulete 01 entrada,Tampa Condulete,PC,Sem Cor,Romazi,71
70217,Tampa Condulete 02 entradas,Tampa Condulete,MT,Sem Cor,Cobrecom,46
18641,Tampa Condulete 01 entrada,Tampa Condulete,UN,Sem Cor,Pial Legrand,6
56623,Tampa Condulete 03 entradas,Tampa Condulete,UN,Sem Cor,Steck,34
40884,Tampa Condulete 02 entradas,Tampa Condulete,CJ,Sem Cor,WEG,31
79827,Tampa Condulete 01 entrada,Tampa Condulete,MT,Sem Cor,Schneider,89
82114,Tampa Condulete 02 entradas,Tampa Condulete,MT,Sem Cor,Siemens,38
68446,Tampa Condulete 03 entradas,Tampa Condulete,ROLO,Sem Cor,Schneider,37
57255,Tampa Condulete 02 entradas,Tampa Condulete,PC,Sem Cor,Siemens,84
82058,Tampa Condulete 03 entradas,Tampa Condulete,UN,Sem Cor,WEG,24
94290,Tampa Condulete 02 entradas,Tampa Condulete,CJ,Sem Cor,WEG,56
77132,Tampa Condulete 01 entrada,Tampa Condulete,ROLO,Sem Cor,Steck,58
27270,Tampa Condulete 01 entrada,Tampa Condulete,MT,Sem Cor,WEG,7
59705,Tampa Condulete 03 entradas,Tampa Condulete,CJ,Sem Cor,WEG,37
65825,Tampa Condulete 02 entradas,Tampa Condulete,ROLO,Sem Cor,Romazi,42
18660,Tampa Condulete 02 entradas,Tampa Condulete,MT,Sem Cor,Tigre,77
57299,Tampa Condulete 02 entradas,Tampa Condulete,CJ,Sem Cor,Siemens,87
78443,Tampa Condulete 03 entradas,Tampa Condulete,UN,Sem Cor,Cobrecom,86
56761,Tampa Condulete 03 entradas,Tampa Condulete,CJ,Sem Cor,Steck,57
28883,Tampa Condulete 01 entrada,Tampa Condulete,MT,Sem Cor,Romazi,25
45497,Tampa Condulete 02 entradas,Tampa Condulete,CJ,Sem Cor,Pial Legrand,42
26952,Tampa Condulete 03 entradas,Tampa Condulete,MT,Sem Cor,WEG,79
73183,Tampa Condulete 02 entradas,Tampa Condulete,PC,Sem Cor,WEG,45
35782,Tampa Condulete 01 entrada,Tampa Condulete,PC,Sem Cor,Romazi,9
89560,Tampa Condulete 01 entrada,Tampa Condulete,UN,Sem Cor,Siemens,65
28411,Tampa Condulete 02 entradas,Tampa Condulete,MT,Sem Cor,Siemens,50
25255,Tampa Condulete 03 entradas,Tampa Condulete,UN,Sem Cor,WEG,16
46842,Tampa Condulete 01 entrada,Tampa Condulete,ROLO,Sem Cor,Tigre,33
27359,Tampa Condulete 02 entradas,Tampa Condulete,MT,Sem Cor,Pial Legrand,21
82810,Tampa Condulete 02 entradas,Tampa Condulete,CJ,Sem Cor,WEG,66
49462,Tampa Condulete 03 entradas,Tampa Condulete,MT,Sem Cor,Schneider,68
47344,Tampa Condulete 03 entradas,Tampa Condulete,PC,Sem Cor,Siemens,45
94677,Tampa Condulete 02 entradas,Tampa Condulete,CJ,Sem Cor,Romazi,12
13492,Tampa Condulete 02 entradas,Tampa Condulete,PC,Sem Cor,Romazi,50
93707,Tomada 2P+T 20A,Tomada,MT,Sem Cor,WEG,14
71662,Tomada 2P+T 20A,Tomada,MT,Sem Cor,Cobrecom,38
33908,Tomada 2P+T 10A Sobrepor,Tomada,ROLO,Sem Cor,Schneider,30
57866,Tomada 2P+T 20A,Tomada,PC,Sem Cor,Cobrecom,69
54958,Tomada 2P+T 10A,Tomada,UN,Sem Cor,Cobrecom,23
20428,Tomada 2P+T 10A Sobrepor,Tomada,ROLO,Sem Cor,Romazi,78
81801,Tomada 2P+T 10A Sobrepor,Tomada,ROLO,Sem Cor,Pial Legrand,33
73362,Tomada 2P+T 10A Sobrepor,Tomada,ROLO,Sem Cor,Romazi,6
85593,Tomada 2P+T 10A,Tomada,UN,Sem Cor,Pial Legrand,88
50292,Tomada 2P+T 20A,Tomada,ROLO,Sem Cor,Schneider,22
59863,Tomada 2P+T 10A,Tomada,MT,Sem Cor,Cobrecom,82
24468,Tomada 2P+T 10A Sobrepor,Tomada,PC,Sem Cor,Pial Legrand,27
44087,Tomada 2P+T 10A,Tomada,UN,Sem Cor,WEG,44
80309,Tomada 2P+T 10A,Tomada,ROLO,Sem Cor,Pial Legrand,90
60323,Tomada 2P+T 10A Sobrepor,Tomada,CJ,Sem Cor,WEG,14
79120,Tomada 2P+T 10A Sobrepor,Tomada,ROLO,Sem Cor,Romazi,20
32505,Tomada 2P+T 10A Sobrepor,Tomada,PC,Sem Cor,Pial Legrand,50
22731,Tomada 2P+T 10A,Tomada,ROLO,Sem Cor,Siemens,42
40938,Tomada 2P+T 20A,Tomada,ROLO,Sem Cor,WEG,58
84015,Tomada 2P+T 20A,Tomada,UN,Sem Cor,Tigre,86
87789,Tomada 2P+T 10A Sobrepor,Tomada,MT,Sem Cor,Siemens,87
66378,Tomada 2P+T 10A Sobrepor,Tomada,UN,Sem Cor,Tigre,50
76292,Tomada 2P+T 10A Sobrepor,Tomada,CJ,Sem Cor,Romazi,56
66000,Tomada 2P+T 10A Sobrepor,Tomada,PC,Sem Cor,Cobrecom,26
82862,Tomada 2P+T 20A,Tomada,UN,Sem Cor,Pial Legrand,40
48037,Tomada 2P+T 10A,Tomada,CJ,Sem Cor,WEG,47
43306,Tomada 2P+T 10A Sobrepor,Tomada,UN,Sem Cor,Tigre,60
32466,Tomada 2P+T 10A,Tomada,PC,Sem Cor,Tigre,86
51863,Tomada 2P+T 10A,Tomada,CJ,Sem Cor,Cobrecom,97
18300,Tomada 2P+T 10A,Tomada,ROLO,Sem Cor,Cobrecom,93
13526,Tomada 2P+T 10A Sobrepor,Tomada,ROLO,Sem Cor,Tigre,96
68415,Tomada 2P+T 10A Sobrepor,Tomada,MT,Sem Cor,Romazi,55
37151,Tomada 2P+T 10A Sobrepor,Tomada,CJ,Sem Cor,Schneider,91
70414,Tomada 2P+T 10A,Tomada,CJ,Sem Cor,Pial Legrand,31
72138,Tomada 2P+T 20A,Tomada,PC,Sem Cor,Romazi,38
83699,Tomada 2P+T 10A,Tomada,CJ,Sem Cor,WEG,58
95900,Tomada 2P+T 10A,Tomada,MT,Sem Cor,Romazi,36
38241,Tomada 2P+T 10A Sobrepor,Tomada,ROLO,Sem Cor,Tigre,98
29127,Tomada 2P+T 20A,Tomada,PC,Sem Cor,Cobrecom,80
37340,Tomada 2P+T 10A,Tomada,CJ,Sem Cor,Steck,28
40530,Tomada 2P+T 10A,Tomada,PC,Sem Cor,Cobrecom,13
43313,Tomada 2P+T 10A,Tomada,CJ,Sem Cor,Siemens,52
15214,Tomada 2P+T 10A Sobrepor,Tomada,PC,Sem Cor,Cobrecom,7
21998,Tomada 2P+T 10A,Tomada,ROLO,Sem Cor,Steck,27
43751,Tomada 2P+T 10A Sobrepor,Tomada,CJ,Sem Cor,Siemens,92
18348,Tomada 2P+T 10A,Tomada,PC,Sem Cor,WEG,27
38398,Tomada 2P+T 20A,Tomada,ROLO,Sem Cor,WEG,97
66282,Tomada 2P+T 20A,Tomada,UN,Sem Cor,Pial Legrand,72
97392,Tomada 2P+T 20A,Tomada,ROLO,Sem Cor,WEG,5
74346,Tomada 2P+T 20A,Tomada,UN,Sem Cor,Steck,60
92002,Tomada 2P+T 10A Sobrepor,Tomada,UN,Sem Cor,Romazi,68
25335,Tomada 2P+T 10A Sobrepor,Tomada,MT,Sem Cor,Schneider,90
85456,Tomada 2P+T 10A Sobrepor,Tomada,MT,Sem Cor,Pial Legrand,66
17077,Tomada 2P+T 10A,Tomada,PC,Sem Cor,Pial Legrand,84
67603,Tomada 2P+T 20A,Tomada,MT,Sem Cor,Siemens,7
70935,Tomada 2P+T 10A Sobrepor,Tomada,PC,Sem Cor,Siemens,10
49453,Tomada 2P+T 10A Sobrepor,Tomada,PC,Sem Cor,Romazi,64
92580,Tomada 2P+T 10A,Tomada,CJ,Sem Cor,Pial Legrand,68
33892,Tomada 2P+T 10A Sobrepor,Tomada,ROLO,Sem Cor,WEG,69
84528,Tomada 2P+T 10A Sobrepor,Tomada,MT,Sem Cor,WEG,81
74373,Tomada 2P+T 10A,Tomada,MT,Sem Cor,Romazi,7
80106,Tomada 2P+T 10A Sobrepor,Tomada,PC,Sem Cor,Tigre,78
76416,Tomada 2P+T 20A,Tomada,CJ,Sem Cor,Steck,36
32603,Tomada 2P+T 10A Sobrepor,Tomada,UN,Sem Cor,Tigre,22
75917,Tomada 2P+T 10A,Tomada,MT,Sem Cor,Steck,47
99040,Tomada 2P+T 10A,Tomada,CJ,Sem Cor,Pial Legrand,80
80845,Tomada 2P+T 10A,Tomada,CJ,Sem Cor,Siemens,85
98897,Tomada 2P+T 10A,Tomada,UN,Sem Cor,Siemens,81
66469,Transformador 1000VA,Transformador,MT,Sem Cor,Siemens,92
26964,Transformador 1500VA,Transformador,PC,Sem Cor,Romazi,77
95518,Transformador 1500VA,Transformador,PC,Sem Cor,Siemens,93
17951,Transformador 500VA,Transformador,ROLO,Sem Cor,WEG,71
28853,Transformador 1000VA,Transformador,PC,Sem Cor,Schneider,37
23755,Transformador 1500VA,Transformador,PC,Sem Cor,Siemens,40
71301,Transformador 1500VA,Transformador,PC,Sem Cor,Cobrecom,40
35766,Transformador 1500VA,Transformador,UN,Sem Cor,WEG,56
89075,Transformador 500VA,Transformador,ROLO,Sem Cor,Pial Legrand,19
53121,Transformador 1500VA,Transformador,MT,Sem Cor,Steck,57
62098,Transformador 1500VA,Transformador,PC,Sem Cor,WEG,67
65636,Transformador 500VA,Transformador,ROLO,Sem Cor,Schneider,93
35927,Transformador 1500VA,Transformador,CJ,Sem Cor,Siemens,7
90593,Transformador 500VA,Transformador,PC,Sem Cor,Pial Legrand,36
54908,Transformador 1000VA,Transformador,MT,Sem Cor,Tigre,42
32742,Transformador 1500VA,Transformador,CJ,Sem Cor,Cobrecom,65
70222,Transformador 500VA,Transformador,MT,Sem Cor,Cobrecom,61
50029,Transformador 1000VA,Transformador,ROLO,Sem Cor,Tigre,21
34506,Transformador 500VA,Transformador,ROLO,Sem Cor,Tigre,67
29438,Transformador 1000VA,Transformador,PC,Sem Cor,Romazi,69
44387,Transformador 500VA,Transformador,UN,Sem Cor,Siemens,5
77053,Transformador 1000VA,Transformador,MT,Sem Cor,Siemens,13
18997,Transformador 1000VA,Transformador,CJ,Sem Cor,Steck,40
36280,Transformador 1000VA,Transformador,MT,Sem Cor,Siemens,43
85111,Transformador 1500VA,Transformador,UN,Sem Cor,Siemens,45
29397,Transformador 1500VA,Transformador,CJ,Sem Cor,Schneider,10
79280,Transformador 1500VA,Transformador,ROLO,Sem Cor,Pial Legrand,83
57134,Transformador 500VA,Transformador,CJ,Sem Cor,WEG,65
57190,Transformador 500VA,Transformador,CJ,Sem Cor,Cobrecom,83
18491,Transformador 1000VA,Transformador,ROLO,Sem Cor,Schneider,49
30989,Transformador 1000VA,Transformador,ROLO,Sem Cor,Pial Legrand,82
34368,Transformador 1000VA,Transformador,PC,Sem Cor,Pial Legrand,28
40802,Transformador 1500VA,Transformador,MT,Sem Cor,Tigre,66
